key,town_area,A31a_205,a,river
江戸川区|南葛西1丁目,155770.76259114585,1,8983.345064675232,荒川
江戸川区|南葛西1丁目,155770.76259114585,1,184.16317887101667,荒川
江戸川区|南葛西1丁目,155770.76259114585,1,1931.6658159000517,荒川
江戸川区|南葛西1丁目,155770.76259114585,2,143261.45331543588,荒川
江戸川区|南葛西1丁目,155770.76259114585,2,233.98004165062218,荒川
江戸川区|南葛西1丁目,155770.76259114585,2,51.48333930287796,荒川
江戸川区|南葛西1丁目,155770.76259114585,2,26.58047430704817,荒川
江戸川区|南葛西1丁目,155770.76259114585,3,26.15821077585973,荒川
江戸川区|南葛西1丁目,155770.76259114585,3,26.158040043180605,荒川
江戸川区|南葛西1丁目,155770.76259114585,3,132.05674006177236,荒川
江戸川区|南葛西1丁目,155770.76259114585,3,77.01802976170961,荒川
江戸川区|南葛西1丁目,155770.76259114585,3,181.6523484834664,荒川
江戸川区|南葛西2丁目,176876.7099214338,2,176772.06792095842,荒川
江戸川区|南葛西2丁目,176876.7099214338,3,104.64200047543733,荒川
江戸川区|南葛西3丁目,283793.91058220674,1,125.86129093110495,荒川
江戸川区|南葛西3丁目,283793.91058220674,1,38.375008607716154,荒川
江戸川区|南葛西3丁目,283793.91058220674,1,2411.5875374006655,荒川
江戸川区|南葛西3丁目,283793.91058220674,1,366.457683514252,荒川
江戸川区|南葛西3丁目,283793.91058220674,1,45.33367800686344,荒川
江戸川区|南葛西3丁目,283793.91058220674,1,836.510104091286,荒川
江戸川区|南葛西3丁目,283793.91058220674,1,34.33014424512251,荒川
江戸川区|南葛西3丁目,283793.91058220674,1,4.2213540887024745,荒川
江戸川区|南葛西3丁目,283793.91058220674,1,4163.776666916434,荒川
江戸川区|南葛西3丁目,283793.91058220674,1,2223.9063097706885,荒川
江戸川区|南葛西3丁目,283793.91058220674,1,470.8966984457701,荒川
江戸川区|南葛西3丁目,283793.91058220674,1,604.4259427675947,荒川
江戸川区|南葛西3丁目,283793.91058220674,1,286.51881300161307,荒川
江戸川区|南葛西3丁目,283793.91058220674,1,6058.5414843170065,荒川
江戸川区|南葛西3丁目,283793.91058220674,1,496.6505585263054,荒川
江戸川区|南葛西3丁目,283793.91058220674,1,6003.675955604625,荒川
江戸川区|南葛西3丁目,283793.91058220674,1,655.9222075397408,荒川
江戸川区|南葛西3丁目,283793.91058220674,1,1832.3598654639627,荒川
江戸川区|南葛西3丁目,283793.91058220674,1,838.2233071111001,荒川
江戸川区|南葛西3丁目,283793.91058220674,1,26.581809427215813,荒川
江戸川区|南葛西3丁目,283793.91058220674,1,331.71085537912165,荒川
江戸川区|南葛西3丁目,283793.91058220674,1,366.68365150399893,荒川
江戸川区|南葛西3丁目,283793.91058220674,1,470.7013566876832,荒川
江戸川区|南葛西3丁目,283793.91058220674,1,575.3523275643469,荒川
江戸川区|南葛西3丁目,283793.91058220674,1,834.8774675829391,荒川
江戸川区|南葛西3丁目,283793.91058220674,1,56.41684064301026,荒川
江戸川区|南葛西3丁目,283793.91058220674,1,37.15966364710893,荒川
江戸川区|南葛西3丁目,283793.91058220674,1,1.0060228620571017,荒川
江戸川区|南葛西3丁目,283793.91058220674,2,231115.03717873973,荒川
江戸川区|南葛西3丁目,283793.91058220674,2,460.96966470319575,荒川
江戸川区|南葛西3丁目,283793.91058220674,2,52.529801003699575,荒川
江戸川区|南葛西3丁目,283793.91058220674,2,26.159442449104116,荒川
江戸川区|南葛西3丁目,283793.91058220674,2,26.15985770503242,荒川
江戸川区|南葛西3丁目,283793.91058220674,2,26.581945528103418,荒川
江戸川区|南葛西4丁目,191702.32272426406,1,263.28151675305236,荒川
江戸川区|南葛西4丁目,191702.32272426406,2,190115.03181244945,荒川
江戸川区|南葛西5丁目,282609.5918159736,1,76.39653223250882,荒川
江戸川区|南葛西5丁目,282609.5918159736,1,0.000578383530873415,荒川
江戸川区|南葛西5丁目,282609.5918159736,1,601.7492885941768,荒川
江戸川区|南葛西5丁目,282609.5918159736,1,628.9569034287896,荒川
江戸川区|南葛西5丁目,282609.5918159736,1,472.19029616792056,荒川
江戸川区|南葛西5丁目,282609.5918159736,1,288.6303478803565,荒川
江戸川区|南葛西5丁目,282609.5918159736,1,311.03417955461686,荒川
江戸川区|南葛西5丁目,282609.5918159736,1,366.2807972654916,荒川
江戸川区|南葛西5丁目,282609.5918159736,1,6753.913408543467,荒川
江戸川区|南葛西5丁目,282609.5918159736,1,0.4219596484583385,荒川
江戸川区|南葛西5丁目,282609.5918159736,1,26.583695759329814,荒川
江戸川区|南葛西5丁目,282609.5918159736,1,13.055852519147582,荒川
江戸川区|南葛西5丁目,282609.5918159736,1,997.3453908395496,荒川
江戸川区|南葛西5丁目,282609.5918159736,1,919.6981005476936,荒川
江戸川区|南葛西5丁目,282609.5918159736,1,523.4753653127786,荒川
江戸川区|南葛西5丁目,282609.5918159736,1,14.689625164780066,荒川
江戸川区|南葛西5丁目,282609.5918159736,1,12404.707276303314,荒川
江戸川区|南葛西5丁目,282609.5918159736,1,787.8170668461158,荒川
江戸川区|南葛西5丁目,282609.5918159736,1,71.24634603602749,荒川
江戸川区|南葛西5丁目,282609.5918159736,1,339.7029606996802,荒川
江戸川区|南葛西5丁目,282609.5918159736,1,157.1917602759853,荒川
江戸川区|南葛西5丁目,282609.5918159736,1,498.3626211762792,荒川
江戸川区|南葛西5丁目,282609.5918159736,1,392.6594513992625,荒川
江戸川区|南葛西5丁目,282609.5918159736,1,26.584105674917403,荒川
江戸川区|南葛西5丁目,282609.5918159736,1,1875.1811957869113,荒川
江戸川区|南葛西5丁目,282609.5918159736,1,547.5577296270123,荒川
江戸川区|南葛西5丁目,282609.5918159736,2,174326.94280159532,荒川
江戸川区|南葛西5丁目,282609.5918159736,2,104.23631560042995,荒川
江戸川区|南葛西5丁目,282609.5918159736,2,104.64800348033354,荒川
江戸川区|南葛西5丁目,282609.5918159736,2,26.584160040182915,荒川
江戸川区|南葛西5丁目,282609.5918159736,2,25.539090283031488,荒川
江戸川区|南葛西5丁目,282609.5918159736,2,26.58418722719314,荒川
江戸川区|南葛西5丁目,282609.5918159736,2,52.74630417950532,荒川
江戸川区|南葛西5丁目,282609.5918159736,2,51.49025999973197,荒川
江戸川区|南葛西5丁目,282609.5918159736,2,26.162088560826053,荒川
江戸川区|南葛西5丁目,282609.5918159736,2,3169.446403689409,荒川
江戸川区|南葛西5丁目,282609.5918159736,2,25.539413822600945,荒川
江戸川区|南葛西5丁目,282609.5918159736,2,105.28145958239759,荒川
江戸川区|南葛西6丁目,302782.1894095453,1,340.92934395074957,荒川
江戸川区|南葛西6丁目,302782.1894095453,1,1597.3175661497103,荒川
江戸川区|南葛西6丁目,302782.1894095453,1,183.55014449249825,荒川
江戸川区|南葛西6丁目,302782.1894095453,1,1152.7906071159666,荒川
江戸川区|南葛西6丁目,302782.1894095453,1,1201.5527572695999,荒川
江戸川区|南葛西6丁目,302782.1894095453,1,6995.8956605502835,荒川
江戸川区|南葛西6丁目,302782.1894095453,1,340.11631126259675,荒川
江戸川区|南葛西6丁目,302782.1894095453,1,809.3740920834099,荒川
江戸川区|南葛西6丁目,302782.1894095453,1,2327.8897432815447,荒川
江戸川区|南葛西6丁目,302782.1894095453,1,521.3781099755417,荒川
江戸川区|南葛西6丁目,302782.1894095453,1,468.84880605108117,荒川
江戸川区|南葛西6丁目,302782.1894095453,2,255445.4991620128,荒川
江戸川区|南葛西6丁目,302782.1894095453,2,546.9482094656177,荒川
江戸川区|南葛西6丁目,302782.1894095453,2,238.79943686475679,荒川
江戸川区|南葛西7丁目,170253.96270699703,1,260.2388577821578,荒川
江戸川区|南葛西7丁目,170253.96270699703,1,469.224895997992,荒川
江戸川区|南葛西7丁目,170253.96270699703,1,656.9665745095081,荒川
江戸川区|南葛西7丁目,170253.96270699703,1,416.69890728513406,荒川
江戸川区|南葛西7丁目,170253.96270699703,1,1174.347559194938,荒川
江戸川区|南葛西7丁目,170253.96270699703,1,471.7488370837376,荒川
江戸川区|南葛西7丁目,170253.96270699703,1,996.8734452687896,荒川
江戸川区|南葛西7丁目,170253.96270699703,1,6516.048192700277,荒川
江戸川区|南葛西7丁目,170253.96270699703,1,1906.7198323011044,荒川
江戸川区|南葛西7丁目,170253.96270699703,1,366.9068065186508,荒川
江戸川区|南葛西7丁目,170253.96270699703,1,547.5341660987432,荒川
江戸川区|南葛西7丁目,170253.96270699703,1,1811.9445189734981,荒川
江戸川区|南葛西7丁目,170253.96270699703,1,3571.374693153784,荒川
江戸川区|南葛西7丁目,170253.96270699703,1,654.0690799939266,荒川
江戸川区|南葛西7丁目,170253.96270699703,2,77682.64286674441,荒川
江戸川区|南葛西7丁目,170253.96270699703,2,28.641143912661015,荒川
江戸川区|南葛西7丁目,170253.96270699703,2,52.744661454985966,荒川
江戸川区|南葛西7丁目,170253.96270699703,2,87.36150700181334,荒川
江戸川区|北葛西1丁目,549747.3980398601,1,368.000595747524,荒川
江戸川区|北葛西1丁目,549747.3980398601,1,1228.061682507092,荒川
江戸川区|北葛西1丁目,549747.3980398601,1,2412.8248404996834,荒川
江戸川区|北葛西1丁目,549747.3980398601,1,1204.23281963171,荒川
江戸川区|北葛西1丁目,549747.3980398601,2,155494.35049520197,荒川
江戸川区|北葛西1丁目,549747.3980398601,2,21.03587914482016,荒川
江戸川区|北葛西1丁目,549747.3980398601,2,260.67597944813593,荒川
江戸川区|北葛西1丁目,549747.3980398601,2,35.98454661688608,荒川
江戸川区|北葛西1丁目,549747.3980398601,3,183.7867794519936,荒川
江戸川区|北葛西1丁目,549747.3980398601,3,91.01294535223113,荒川
江戸川区|北葛西1丁目,549747.3980398601,3,655.2379766770075,荒川
江戸川区|北葛西1丁目,549747.3980398601,3,26.14913173085297,荒川
江戸川区|北葛西1丁目,549747.3980398601,3,183.26600962478105,荒川
江戸川区|北葛西1丁目,549747.3980398601,3,51.67589042813373,荒川
江戸川区|北葛西1丁目,549747.3980398601,3,52.509637023047766,荒川
江戸川区|北葛西1丁目,549747.3980398601,3,26.14950345284721,荒川
江戸川区|北葛西1丁目,549747.3980398601,3,51.676439633703545,荒川
江戸川区|北葛西1丁目,549747.3980398601,3,26.5717307972023,荒川
江戸川区|北葛西1丁目,549747.3980398601,3,51.67646614868616,荒川
江戸川区|北葛西1丁目,549747.3980398601,3,1122.2009307655726,荒川
江戸川区|北葛西1丁目,549747.3980398601,3,52.50979353620511,荒川
江戸川区|北葛西1丁目,549747.3980398601,3,52.29897044280291,荒川
江戸川区|北葛西1丁目,549747.3980398601,3,52.72193412598974,荒川
江戸川区|北葛西1丁目,549747.3980398601,3,182.84922745075554,荒川
江戸川区|北葛西1丁目,549747.3980398601,3,25.938517628476742,荒川
江戸川区|北葛西1丁目,549747.3980398601,3,52.72180408749961,荒川
江戸川区|北葛西1丁目,549747.3980398601,3,418.43160308944886,荒川
江戸川区|北葛西1丁目,549747.3980398601,3,25.52683439218561,荒川
江戸川区|北葛西1丁目,549747.3980398601,3,25.939242931582303,荒川
江戸川区|北葛西1丁目,549747.3980398601,3,26.149936825638655,荒川
江戸川区|北葛西1丁目,549747.3980398601,3,26.571470586432778,荒川
江戸川区|北葛西1丁目,549747.3980398601,3,25.527118768055367,荒川
江戸川区|北葛西1丁目,549747.3980398601,3,129.29449455074615,荒川
江戸川区|北葛西1丁目,549747.3980398601,3,26.1495741252102,荒川
江戸川区|北葛西1丁目,549747.3980398601,3,26.150268270851633,荒川
江戸川区|北葛西1丁目,549747.3980398601,3,25.938717097697108,荒川
江戸川区|北葛西1丁目,549747.3980398601,3,26.572138642710257,荒川
江戸川区|北葛西1丁目,549747.3980398601,3,133574.49808257425,荒川
江戸川区|北葛西1丁目,549747.3980398601,3,260.89158216857925,荒川
江戸川区|北葛西1丁目,549747.3980398601,3,26.150563137181397,荒川
江戸川区|北葛西2丁目,505232.71023987426,2,26.572534211255583,荒川
江戸川区|北葛西2丁目,505232.71023987426,2,78.66298348014223,荒川
江戸川区|北葛西2丁目,505232.71023987426,2,600.8760843691946,荒川
江戸川区|北葛西2丁目,505232.71023987426,2,7407.788831850176,荒川
江戸川区|北葛西2丁目,505232.71023987426,2,1677.3212838831364,荒川
江戸川区|北葛西2丁目,505232.71023987426,2,366.55417436540324,荒川
江戸川区|北葛西2丁目,505232.71023987426,2,2251.427795378179,荒川
江戸川区|北葛西2丁目,505232.71023987426,2,2907.767719145541,荒川
江戸川区|北葛西2丁目,505232.71023987426,2,262.5747302776852,荒川
江戸川区|北葛西2丁目,505232.71023987426,2,1642.824716738637,荒川
江戸川区|北葛西2丁目,505232.71023987426,2,1620.8515844715407,荒川
江戸川区|北葛西2丁目,505232.71023987426,2,338.9406545817781,荒川
江戸川区|北葛西2丁目,505232.71023987426,2,26.5731439976449,荒川
江戸川区|北葛西2丁目,505232.71023987426,2,496.6925568037708,荒川
江戸川区|北葛西2丁目,505232.71023987426,2,26.572552347779023,荒川
江戸川区|北葛西2丁目,505232.71023987426,2,2487.676341323059,荒川
江戸川区|北葛西2丁目,505232.71023987426,2,51.67976020327461,荒川
江戸川区|北葛西2丁目,505232.71023987426,2,498.5810309243582,荒川
江戸川区|北葛西2丁目,505232.71023987426,2,2512.798616418932,荒川
江戸川区|北葛西2丁目,505232.71023987426,2,498.16231150294783,荒川
江戸川区|北葛西2丁目,505232.71023987426,2,25.528601588771732,荒川
江戸川区|北葛西2丁目,505232.71023987426,2,1044.8710810534008,荒川
江戸川区|北葛西2丁目,505232.71023987426,2,497.3491685979636,荒川
江戸川区|北葛西2丁目,505232.71023987426,2,7738.274079158501,荒川
江戸川区|北葛西2丁目,505232.71023987426,2,576.4195791871668,荒川
江戸川区|北葛西2丁目,505232.71023987426,2,2854.8357257212606,荒川
江戸川区|北葛西2丁目,505232.71023987426,2,520.5614694873511,荒川
江戸川区|北葛西2丁目,505232.71023987426,2,5676.324887405887,荒川
江戸川区|北葛西2丁目,505232.71023987426,2,0.0014988031030867,荒川
江戸川区|北葛西2丁目,505232.71023987426,2,25.94151115047622,荒川
江戸川区|北葛西2丁目,505232.71023987426,2,364.6721220865919,荒川
江戸川区|北葛西2丁目,505232.71023987426,2,1099.02315301643,荒川
江戸川区|北葛西2丁目,505232.71023987426,2,1802.298926275084,荒川
江戸川区|北葛西2丁目,505232.71023987426,3,327089.5256795959,荒川
江戸川区|北葛西2丁目,505232.71023987426,3,25.940081152259665,荒川
江戸川区|北葛西2丁目,505232.71023987426,3,51.679462235857414,荒川
江戸川区|北葛西2丁目,505232.71023987426,3,77.83019042813451,荒川
江戸川区|北葛西2丁目,505232.71023987426,3,26.574551165460054,荒川
江戸川区|北葛西2丁目,505232.71023987426,3,26.572950367590146,荒川
江戸川区|北葛西2丁目,505232.71023987426,3,78.66521601381335,荒川
江戸川区|北葛西3丁目,145201.69946053877,2,521.6039995612018,荒川
江戸川区|北葛西3丁目,145201.69946053877,2,679.360331415983,荒川
江戸川区|北葛西3丁目,145201.69946053877,2,262.1589981269396,荒川
江戸川区|北葛西3丁目,145201.69946053877,2,732.2989031744197,荒川
江戸川区|北葛西3丁目,145201.69946053877,2,602.1529020172646,荒川
江戸川区|北葛西3丁目,145201.69946053877,2,942.1499053451699,荒川
江戸川区|北葛西3丁目,145201.69946053877,2,888.409975281641,荒川
江戸川区|北葛西3丁目,145201.69946053877,2,0.9442871997042852,荒川
江戸川区|北葛西3丁目,145201.69946053877,3,140572.62015841645,荒川
江戸川区|北葛西4丁目,248561.16552559283,2,1695.6349458228815,荒川
江戸川区|北葛西4丁目,248561.16552559283,2,2251.103105621463,荒川
江戸川区|北葛西4丁目,248561.16552559283,2,2460.0200160809263,荒川
江戸川区|北葛西4丁目,248561.16552559283,2,1204.5904884012812,荒川
江戸川区|北葛西4丁目,248561.16552559283,2,26.153300612356098,荒川
江戸川区|北葛西4丁目,248561.16552559283,2,364.49839446401967,荒川
江戸川区|北葛西4丁目,248561.16552559283,2,1779.5876874965475,荒川
江戸川区|北葛西4丁目,248561.16552559283,3,238647.54932395546,荒川
江戸川区|北葛西4丁目,248561.16552559283,3,132.0282631379477,荒川
江戸川区|北葛西5丁目,172952.07981935746,2,20680.728287567417,荒川
江戸川区|北葛西5丁目,172952.07981935746,2,1700.598641177464,荒川
江戸川区|北葛西5丁目,172952.07981935746,2,103.98415066399569,荒川
江戸川区|北葛西5丁目,172952.07981935746,2,392.72066915918697,荒川
江戸川区|北葛西5丁目,172952.07981935746,2,10929.567137377075,荒川
江戸川区|北葛西5丁目,172952.07981935746,3,138928.8634630507,荒川
江戸川区|北葛西5丁目,172952.07981935746,3,25.940677321174388,荒川
江戸川区|北葛西5丁目,172952.07981935746,3,111.4337862048959,荒川
江戸川区|北葛西5丁目,172952.07981935746,3,52.30272946800777,荒川
江戸川区|北葛西5丁目,172952.07981935746,3,25.94027736763624,荒川
江戸川区|中葛西1丁目,272763.72908045887,2,44751.15168474578,荒川
江戸川区|中葛西1丁目,272763.72908045887,2,548.815205264269,荒川
江戸川区|中葛西1丁目,272763.72908045887,2,760.9705086317994,荒川
江戸川区|中葛西1丁目,272763.72908045887,2,625.607816739248,荒川
江戸川区|中葛西1丁目,272763.72908045887,2,390.85002702519256,荒川
江戸川区|中葛西1丁目,272763.72908045887,2,262.1671440038891,荒川
江戸川区|中葛西1丁目,272763.72908045887,2,758.4735413151554,荒川
江戸川区|中葛西1丁目,272763.72908045887,2,968.1073029539149,荒川
江戸川区|中葛西1丁目,272763.72908045887,2,286.654379438076,荒川
江戸川区|中葛西1丁目,272763.72908045887,2,472.038625085529,荒川
江戸川区|中葛西1丁目,272763.72908045887,2,416.58961545914246,荒川
江戸川区|中葛西1丁目,272763.72908045887,2,524.1395022560508,荒川
江戸川区|中葛西1丁目,272763.72908045887,2,286.86200671681945,荒川
江戸川区|中葛西1丁目,272763.72908045887,2,441.293119218179,荒川
江戸川区|中葛西1丁目,272763.72908045887,2,604.2930403669261,荒川
江戸川区|中葛西1丁目,272763.72908045887,2,1360.9074254302816,荒川
江戸川区|中葛西1丁目,272763.72908045887,2,1568.8927318050673,荒川
江戸川区|中葛西1丁目,272763.72908045887,2,52.517990792894686,荒川
江戸川区|中葛西1丁目,272763.72908045887,2,78.6717611234832,荒川
江戸川区|中葛西1丁目,272763.72908045887,3,215802.33715849285,荒川
江戸川区|中葛西1丁目,272763.72908045887,3,51.470120972546475,荒川
江戸川区|中葛西1丁目,272763.72908045887,3,105.4510903090688,荒川
江戸川区|中葛西1丁目,272763.72908045887,3,26.574010728226916,荒川
江戸川区|中葛西1丁目,272763.72908045887,3,417.63533741076446,荒川
江戸川区|中葛西1丁目,272763.72908045887,3,51.4714364737279,荒川
江戸川区|中葛西1丁目,272763.72908045887,3,1149.7864976999902,荒川
江戸川区|中葛西2丁目,203737.79650989824,2,120574.284489047,荒川
江戸川区|中葛西2丁目,203737.79650989824,2,1620.0754862702513,荒川
江戸川区|中葛西2丁目,203737.79650989824,2,497.5470359862392,荒川
江戸川区|中葛西2丁目,203737.79650989824,2,1333.016183508823,荒川
江戸川区|中葛西2丁目,203737.79650989824,2,51.68220281441539,荒川
江戸川区|中葛西2丁目,203737.79650989824,2,1253.9279240635055,荒川
江戸川区|中葛西2丁目,203737.79650989824,2,25.52974767506778,荒川
江戸川区|中葛西2丁目,203737.79650989824,2,444.4205902592059,荒川
江戸川区|中葛西2丁目,203737.79650989824,2,312.8144360056918,荒川
江戸川区|中葛西2丁目,203737.79650989824,2,3088.3768702007255,荒川
江戸川区|中葛西2丁目,203737.79650989824,2,26.5751293789721,荒川
江戸川区|中葛西2丁目,203737.79650989824,2,25.530453275226726,荒川
江戸川区|中葛西2丁目,203737.79650989824,2,419.3165750931123,荒川
江戸川区|中葛西2丁目,203737.79650989824,3,71029.71799468494,荒川
江戸川区|中葛西2丁目,203737.79650989824,3,25.529323711516604,荒川
江戸川区|中葛西2丁目,203737.79650989824,3,25.529363539977744,荒川
江戸川区|中葛西2丁目,203737.79650989824,3,26.573678502944674,荒川
江戸川区|中葛西2丁目,203737.79650989824,3,655.7317799096543,荒川
江戸川区|中葛西2丁目,203737.79650989824,3,26.574135253926684,荒川
江戸川区|中葛西2丁目,203737.79650989824,3,261.1219697083937,荒川
江戸川区|中葛西2丁目,203737.79650989824,3,26.15329516926362,荒川
江戸川区|中葛西2丁目,203737.79650989824,3,79.30090232751587,荒川
江戸川区|中葛西2丁目,203737.79650989824,3,25.529835844778038,荒川
江戸川区|中葛西2丁目,203737.79650989824,3,495.48125973697023,荒川
江戸川区|中葛西2丁目,203737.79650989824,3,26.152315924613646,荒川
江戸川区|中葛西2丁目,203737.79650989824,3,26.57414122672458,荒川
江戸川区|中葛西2丁目,203737.79650989824,3,314.69855610792143,荒川
江戸川区|中葛西2丁目,203737.79650989824,3,26.153867760643394,荒川
江戸川区|中葛西2丁目,203737.79650989824,3,25.942999341054723,荒川
江戸川区|中葛西2丁目,203737.79650989824,3,52.5166205354689,荒川
江戸川区|中葛西2丁目,203737.79650989824,3,915.4173470331708,荒川
江戸川区|中葛西3丁目,225628.50863058533,2,116114.89074088023,荒川
江戸川区|中葛西3丁目,225628.50863058533,2,1515.1459748651687,荒川
江戸川区|中葛西3丁目,225628.50863058533,2,2195.200740181042,荒川
江戸川区|中葛西3丁目,225628.50863058533,2,3817.924693222108,荒川
江戸川区|中葛西3丁目,225628.50863058533,2,1599.915071923035,荒川
江戸川区|中葛西3丁目,225628.50863058533,2,707.044261012891,荒川
江戸川区|中葛西3丁目,225628.50863058533,2,3404.073540918697,荒川
江戸川区|中葛西3丁目,225628.50863058533,2,236.45528098926923,荒川
江戸川区|中葛西3丁目,225628.50863058533,2,26.154631271320426,荒川
江戸川区|中葛西3丁目,225628.50863058533,2,806.242513254851,荒川
江戸川区|中葛西3丁目,225628.50863058533,2,2224.5453961537805,荒川
江戸川区|中葛西3丁目,225628.50863058533,2,705.5922163973408,荒川
江戸川区|中葛西3丁目,225628.50863058533,2,2774.2588996029363,荒川
江戸川区|中葛西3丁目,225628.50863058533,2,26.576627191742343,荒川
江戸川区|中葛西3丁目,225628.50863058533,2,576.0692747548864,荒川
江戸川区|中葛西3丁目,225628.50863058533,2,184.77143645385596,荒川
江戸川区|中葛西3丁目,225628.50863058533,2,105.46344760873724,荒川
江戸川区|中葛西3丁目,225628.50863058533,2,446.3408971896329,荒川
江戸川区|中葛西3丁目,225628.50863058533,2,26.154980438335606,荒川
江戸川区|中葛西3丁目,225628.50863058533,2,2455.5852551859484,荒川
江戸川区|中葛西3丁目,225628.50863058533,2,1674.8629218824979,荒川
江戸川区|中葛西3丁目,225628.50863058533,3,81916.36431525431,荒川
江戸川区|中葛西3丁目,225628.50863058533,3,1124.4914938797745,荒川
江戸川区|中葛西3丁目,225628.50863058533,3,52.51928289414656,荒川
江戸川区|中葛西3丁目,225628.50863058533,3,26.154179844663226,荒川
江戸川区|中葛西3丁目,225628.50863058533,3,316.80498508828657,荒川
江戸川区|中葛西3丁目,225628.50863058533,3,52.52018168000571,荒川
江戸川区|中葛西3丁目,225628.50863058533,3,26.575720745609974,荒川
江戸川区|中葛西3丁目,225628.50863058533,3,26.153897468153403,荒川
江戸川区|中葛西3丁目,225628.50863058533,3,25.942992193844866,荒川
江戸川区|中葛西3丁目,225628.50863058533,3,157.1450639705837,荒川
江戸川区|中葛西3丁目,225628.50863058533,3,77.84227130247608,荒川
江戸川区|中葛西3丁目,225628.50863058533,3,131.6141855796488,荒川
江戸川区|中葛西3丁目,225628.50863058533,3,53.15395621204016,荒川
江戸川区|中葛西3丁目,225628.50863058533,3,17.95730309335519,荒川
江戸川区|中葛西4丁目,135754.55237691756,2,34823.71024981071,荒川
江戸川区|中葛西4丁目,135754.55237691756,2,834.8908030038999,荒川
江戸川区|中葛西4丁目,135754.55237691756,2,1962.7266301040083,荒川
江戸川区|中葛西4丁目,135754.55237691756,2,418.2849397457239,荒川
江戸川区|中葛西4丁目,135754.55237691756,2,26.154044006063998,荒川
江戸川区|中葛西4丁目,135754.55237691756,2,1257.9964457405447,荒川
江戸川区|中葛西4丁目,135754.55237691756,2,1621.0479477200279,荒川
江戸川区|中葛西4丁目,135754.55237691756,2,1255.279202421592,荒川
江戸川区|中葛西4丁目,135754.55237691756,2,2926.9684950864926,荒川
江戸川区|中葛西4丁目,135754.55237691756,2,26.154298420262297,荒川
江戸川区|中葛西4丁目,135754.55237691756,2,2617.7109317096706,荒川
江戸川区|中葛西4丁目,135754.55237691756,2,1437.3381838588602,荒川
江戸川区|中葛西4丁目,135754.55237691756,2,78.05194200960631,荒川
江戸川区|中葛西4丁目,135754.55237691756,2,26.154777178407574,荒川
江戸川区|中葛西4丁目,135754.55237691756,2,2981.003503403589,荒川
江戸川区|中葛西4丁目,135754.55237691756,2,653.0769978136245,荒川
江戸川区|中葛西4丁目,135754.55237691756,2,286.4567796206988,荒川
江戸川区|中葛西4丁目,135754.55237691756,2,5598.1294884966355,荒川
江戸川区|中葛西4丁目,135754.55237691756,3,75984.48129916498,荒川
江戸川区|中葛西4丁目,135754.55237691756,3,77.84025254567985,荒川
江戸川区|中葛西4丁目,135754.55237691756,3,156.95001490072144,荒川
江戸川区|中葛西4丁目,135754.55237691756,3,103.37394954022842,荒川
江戸川区|中葛西4丁目,135754.55237691756,3,26.576026029469027,荒川
江戸川区|中葛西4丁目,135754.55237691756,3,261.5599546473219,荒川
江戸川区|中葛西4丁目,135754.55237691756,3,26.576965899374777,荒川
江戸川区|中葛西4丁目,135754.55237691756,3,104.84108893055715,荒川
江戸川区|中葛西4丁目,135754.55237691756,3,77.00855235188556,荒川
江戸川区|中葛西4丁目,135754.55237691756,3,104.20861275682839,荒川
江戸川区|中葛西5丁目,254319.39169724457,2,213607.6506452328,荒川
江戸川区|中葛西5丁目,254319.39169724457,2,3425.754765186858,荒川
江戸川区|中葛西5丁目,254319.39169724457,2,943.9502999362329,荒川
江戸川区|中葛西5丁目,254319.39169724457,2,1045.8747774718547,荒川
江戸川区|中葛西5丁目,254319.39169724457,2,157.15431125924806,荒川
江戸川区|中葛西5丁目,254319.39169724457,2,417.6757155915115,荒川
江戸川区|中葛西5丁目,254319.39169724457,2,393.4105835351386,荒川
江戸川区|中葛西5丁目,254319.39169724457,2,77.6339880725253,荒川
江戸川区|中葛西5丁目,254319.39169724457,3,26685.311614532387,荒川
江戸川区|中葛西5丁目,254319.39169724457,3,241.7259202316972,荒川
江戸川区|中葛西5丁目,254319.39169724457,3,25.53250331422153,荒川
江戸川区|中葛西5丁目,254319.39169724457,3,113.83160883206781,荒川
江戸川区|中葛西5丁目,254319.39169724457,3,315.3488856324317,荒川
江戸川区|中葛西5丁目,254319.39169724457,3,209.67283609100943,荒川
江戸川区|中葛西5丁目,254319.39169724457,3,52.732566759532105,荒川
江戸川区|中葛西5丁目,254319.39169724457,3,26.577001186588014,荒川
江戸川区|中葛西5丁目,254319.39169724457,3,51.476849948349304,荒川
江戸川区|中葛西5丁目,254319.39169724457,3,3951.8168477593535,荒川
江戸川区|中葛西5丁目,254319.39169724457,3,104.84249307757213,荒川
江戸川区|中葛西5丁目,254319.39169724457,3,25.944514581950386,荒川
江戸川区|中葛西5丁目,254319.39169724457,3,26.577110303370826,荒川
江戸川区|中葛西5丁目,254319.39169724457,3,26.155264896090163,荒川
江戸川区|中葛西5丁目,254319.39169724457,3,25.944554614608652,荒川
江戸川区|中葛西5丁目,254319.39169724457,3,26.15555671942519,荒川
江戸川区|中葛西5丁目,254319.39169724457,3,26.577499059923895,荒川
江戸川区|中葛西5丁目,254319.39169724457,3,78.0549321948283,荒川
江戸川区|中葛西5丁目,254319.39169724457,3,26.155701871956083,荒川
江戸川区|中葛西5丁目,254319.39169724457,3,77.63309195965378,荒川
江戸川区|中葛西5丁目,254319.39169724457,3,44.04280051305,荒川
江戸川区|中葛西5丁目,254319.39169724457,3,25.944833193642317,荒川
江戸川区|中葛西5丁目,254319.39169724457,3,26.577450314327823,荒川
江戸川区|中葛西5丁目,254319.39169724457,3,25.532847007396853,荒川
江戸川区|中葛西5丁目,254319.39169724457,3,236.25576416938316,荒川
江戸川区|中葛西5丁目,254319.39169724457,3,52.311451462887305,荒川
江戸川区|中葛西5丁目,254319.39169724457,3,313.05580054301265,荒川
江戸川区|中葛西5丁目,254319.39169724457,3,52.52243783385037,荒川
江戸川区|中葛西5丁目,254319.39169724457,3,26.15565197045502,荒川
江戸川区|中葛西5丁目,254319.39169724457,3,104.00012836154032,荒川
江戸川区|中葛西5丁目,254319.39169724457,3,336.9131058474743,荒川
江戸川区|中葛西5丁目,254319.39169724457,3,26.577601205054307,荒川
江戸川区|中葛西5丁目,254319.39169724457,3,79.10046184244447,荒川
江戸川区|中葛西5丁目,254319.39169724457,3,51.68917007275087,荒川
江戸川区|中葛西5丁目,254319.39169724457,3,313.22629669847333,荒川
江戸川区|中葛西5丁目,254319.39169724457,3,78.88941616291726,荒川
江戸川区|中葛西5丁目,254319.39169724457,3,287.7346426849869,荒川
江戸川区|中葛西5丁目,254319.39169724457,3,25.533250632458305,荒川
江戸川区|中葛西5丁目,254319.39169724457,3,26.15614687498835,荒川
江戸川区|中葛西6丁目,151950.65140599682,2,39736.30391788049,荒川
江戸川区|中葛西6丁目,151950.65140599682,2,14904.657255164384,荒川
江戸川区|中葛西6丁目,151950.65140599682,2,2354.8241683081383,荒川
江戸川区|中葛西6丁目,151950.65140599682,2,51.689539321934696,荒川
江戸川区|中葛西6丁目,151950.65140599682,2,1381.7668461788771,荒川
江戸川区|中葛西6丁目,151950.65140599682,2,2744.487512104058,荒川
江戸川区|中葛西6丁目,151950.65140599682,2,1911.8315412943705,荒川
江戸川区|中葛西6丁目,151950.65140599682,2,2094.3163530278916,荒川
江戸川区|中葛西6丁目,151950.65140599682,2,13501.867268906279,荒川
江戸川区|中葛西6丁目,151950.65140599682,2,525.0501971491298,荒川
江戸川区|中葛西6丁目,151950.65140599682,2,2680.0601177113267,荒川
江戸川区|中葛西6丁目,151950.65140599682,2,1412.3438817462827,荒川
江戸川区|中葛西6丁目,151950.65140599682,2,444.48405347669757,荒川
江戸川区|中葛西6丁目,151950.65140599682,3,67711.23340015695,荒川
江戸川区|中葛西6丁目,151950.65140599682,3,26.577857935293075,荒川
江戸川区|中葛西6丁目,151950.65140599682,3,77.84554322830313,荒川
江戸川区|中葛西6丁目,151950.65140599682,3,25.533563404878937,荒川
江戸川区|中葛西6丁目,151950.65140599682,3,131.41430979373771,荒川
江戸川区|中葛西6丁目,151950.65140599682,3,25.945551652981294,荒川
江戸川区|中葛西6丁目,151950.65140599682,3,103.58125691629168,荒川
江戸川区|中葛西6丁目,151950.65140599682,3,78.68050904998756,荒川
江戸川区|中葛西6丁目,151950.65140599682,3,26.156761593510737,荒川
江戸川区|中葛西7丁目,210616.5999908664,1,49.83335986923414,荒川
江戸川区|中葛西7丁目,210616.5999908664,1,0.03972126336449854,荒川
江戸川区|中葛西7丁目,210616.5999908664,2,95151.5061778153,荒川
江戸川区|中葛西7丁目,210616.5999908664,2,7.97166323934466,荒川
江戸川区|中葛西7丁目,210616.5999908664,2,3166.037775166319,荒川
江戸川区|中葛西7丁目,210616.5999908664,2,1047.804338940427,荒川
江戸川区|中葛西7丁目,210616.5999908664,2,3506.53059035934,荒川
江戸川区|中葛西7丁目,210616.5999908664,2,390.4970357745665,荒川
江戸川区|中葛西7丁目,210616.5999908664,2,915.7686591049344,荒川
江戸川区|中葛西7丁目,210616.5999908664,2,1153.705175858162,荒川
江戸川区|中葛西7丁目,210616.5999908664,2,419.3777174744382,荒川
江戸川区|中葛西7丁目,210616.5999908664,2,2985.260927884922,荒川
江戸川区|中葛西7丁目,210616.5999908664,2,7874.484747943559,荒川
江戸川区|中葛西7丁目,210616.5999908664,2,3635.0489584864763,荒川
江戸川区|中葛西7丁目,210616.5999908664,2,4001.294573042351,荒川
江戸川区|中葛西7丁目,210616.5999908664,2,2009.2284078156704,荒川
江戸川区|中葛西7丁目,210616.5999908664,2,4265.213564515649,荒川
江戸川区|中葛西7丁目,210616.5999908664,2,1933.486422510892,荒川
江戸川区|中葛西7丁目,210616.5999908664,2,3085.357407822513,荒川
江戸川区|中葛西7丁目,210616.5999908664,3,72654.2784596201,荒川
江戸川区|中葛西7丁目,210616.5999908664,3,105.0502904900166,荒川
江戸川区|中葛西7丁目,210616.5999908664,3,26.15723096624054,荒川
江戸川区|中葛西7丁目,210616.5999908664,3,26.157677258488555,荒川
江戸川区|中葛西7丁目,210616.5999908664,3,471.91521223330017,荒川
江戸川区|中葛西7丁目,210616.5999908664,3,104.0087792945118,荒川
江戸川区|中葛西7丁目,210616.5999908664,3,158.2135784043532,荒川
江戸川区|中葛西7丁目,210616.5999908664,3,156.74719020081864,荒川
江戸川区|中葛西7丁目,210616.5999908664,3,26.58005741286682,荒川
江戸川区|中葛西8丁目,189283.3724437336,2,133115.51505447624,荒川
江戸川区|中葛西8丁目,189283.3724437336,2,1307.5219747537628,荒川
江戸川区|中葛西8丁目,189283.3724437336,2,25.946230820507143,荒川
江戸川区|中葛西8丁目,189283.3724437336,2,2463.1227005629926,荒川
江戸川区|中葛西8丁目,189283.3724437336,2,1024.3772155834613,荒川
江戸川区|中葛西8丁目,189283.3724437336,2,0.4218876559633229,荒川
江戸川区|中葛西8丁目,189283.3724437336,3,1097.586165937785,荒川
江戸川区|中葛西8丁目,189283.3724437336,3,26.578378127682804,荒川
江戸川区|中葛西8丁目,189283.3724437336,3,25.945831243669904,荒川
江戸川区|中葛西8丁目,189283.3724437336,3,49645.34226784343,荒川
江戸川区|中葛西8丁目,189283.3724437336,3,26.57875144581593,荒川
江戸川区|中葛西8丁目,189283.3724437336,3,52.73543770545271,荒川
江戸川区|中葛西8丁目,189283.3724437336,3,26.156980973682824,荒川
江戸川区|中葛西8丁目,189283.3724437336,3,26.15702141620909,荒川
江戸川区|中葛西8丁目,189283.3724437336,3,26.15734319184174,荒川
江戸川区|中葛西8丁目,189283.3724437336,3,26.579487993826596,荒川
江戸川区|中葛西8丁目,189283.3724437336,3,102.96256869515993,荒川
江戸川区|中葛西8丁目,189283.3724437336,3,78.89497999733088,荒川
江戸川区|中葛西8丁目,189283.3724437336,3,52.73738317177353,荒川
江戸川区|中葛西8丁目,189283.3724437336,3,53.15934858062616,荒川
江戸川区|中葛西8丁目,189283.3724437336,3,78.89543355663729,荒川
江戸川区|清新町1丁目,427083.1012144062,1,365.5667025718495,荒川
江戸川区|清新町1丁目,427083.1012144062,1,676.3413340716642,荒川
江戸川区|清新町1丁目,427083.1012144062,1,367.4472410309916,荒川
江戸川区|清新町1丁目,427083.1012144062,1,587.2004662547487,荒川
江戸川区|清新町1丁目,427083.1012144062,1,1.2551037863572991,荒川
江戸川区|清新町1丁目,427083.1012144062,1,442.56325702810034,荒川
江戸川区|清新町1丁目,427083.1012144062,1,435.7445297876174,荒川
江戸川区|清新町1丁目,427083.1012144062,1,250.89699777112142,荒川
江戸川区|清新町1丁目,427083.1012144062,1,1496.4135912212903,荒川
江戸川区|清新町1丁目,427083.1012144062,1,340.6745178129423,荒川
江戸川区|清新町1丁目,427083.1012144062,1,12.071353034233786,荒川
江戸川区|清新町1丁目,427083.1012144062,1,4.993016378799885,荒川
江戸川区|清新町1丁目,427083.1012144062,1,109.19369381130869,荒川
江戸川区|清新町1丁目,427083.1012144062,2,12886.326671322577,荒川
江戸川区|清新町1丁目,427083.1012144062,3,58.54945839045703,荒川
江戸川区|清新町1丁目,427083.1012144062,3,0.2164257690523049,荒川
江戸川区|清新町1丁目,427083.1012144062,3,26.1427632471637,荒川
江戸川区|清新町1丁目,427083.1012144062,3,26.57658764209691,荒川
江戸川区|清新町1丁目,427083.1012144062,3,14.892988137089027,荒川
江戸川区|清新町1丁目,427083.1012144062,3,23.951891017341225,荒川
江戸川区|清新町1丁目,427083.1012144062,4,4.400298282669942,荒川
江戸川区|清新町1丁目,427083.1012144062,4,7.429798191348237,荒川
江戸川区|清新町1丁目,427083.1012144062,4,24.76876644470484,荒川
江戸川区|清新町2丁目,251493.30635445242,1,555.5517033691661,荒川
江戸川区|清新町2丁目,251493.30635445242,1,430.2305067760884,荒川
江戸川区|清新町2丁目,251493.30635445242,1,386.33091208273345,荒川
江戸川区|清新町2丁目,251493.30635445242,1,488.3004219913837,荒川
江戸川区|清新町2丁目,251493.30635445242,2,196.9427564216414,荒川
江戸川区|臨海町1丁目,544128.1449614533,1,365.82440780583346,荒川
江戸川区|臨海町1丁目,544128.1449614533,1,6993.364301076499,荒川
江戸川区|臨海町1丁目,544128.1449614533,1,1412.0093083144761,荒川
江戸川区|臨海町1丁目,544128.1449614533,2,21290.926927083805,荒川
江戸川区|臨海町1丁目,544128.1449614533,3,156.95998366733141,荒川
江戸川区|臨海町1丁目,544128.1449614533,3,78.89660222524982,荒川
江戸川区|臨海町1丁目,544128.1449614533,3,52.316458883234844,荒川
江戸川区|臨海町2丁目,391297.8495599215,1,1052.852515700705,荒川
江戸川区|臨海町2丁目,391297.8495599215,1,3.1202493225502086,荒川
江戸川区|臨海町2丁目,391297.8495599215,1,174.2038022778507,荒川
江戸川区|臨海町2丁目,391297.8495599215,1,226.59504703963876,荒川
江戸川区|臨海町2丁目,391297.8495599215,1,680.7891295495941,荒川
江戸川区|臨海町2丁目,391297.8495599215,1,315.59789614159996,荒川
江戸川区|臨海町2丁目,391297.8495599215,1,141.6474136507451,荒川
江戸川区|臨海町2丁目,391297.8495599215,1,77.84729723235802,荒川
江戸川区|臨海町2丁目,391297.8495599215,1,473.60503293174935,荒川
江戸川区|臨海町2丁目,391297.8495599215,2,24710.740014467785,荒川
江戸川区|臨海町3丁目,323112.75232879224,1,77.81186351178184,荒川
江戸川区|臨海町3丁目,323112.75232879224,1,654.832249938488,荒川
江戸川区|臨海町3丁目,323112.75232879224,1,3947.6414833641206,荒川
江戸川区|臨海町3丁目,323112.75232879224,1,1488.4075380970548,荒川
江戸川区|臨海町3丁目,323112.75232879224,1,106.52269553634747,荒川
江戸川区|臨海町3丁目,323112.75232879224,1,394.2864886698305,荒川
江戸川区|臨海町3丁目,323112.75232879224,1,603.9808612804511,荒川
江戸川区|臨海町3丁目,323112.75232879224,1,276.5960217654071,荒川
江戸川区|臨海町3丁目,323112.75232879224,1,61.200956657015965,荒川
江戸川区|臨海町3丁目,323112.75232879224,1,226.64857545783707,荒川
江戸川区|臨海町3丁目,323112.75232879224,1,256.75823592112107,荒川
江戸川区|臨海町3丁目,323112.75232879224,1,89.15652911674374,荒川
江戸川区|臨海町3丁目,323112.75232879224,1,37.53568944962,荒川
江戸川区|臨海町3丁目,323112.75232879224,1,141.07950893587895,荒川
江戸川区|臨海町3丁目,323112.75232879224,1,204.99446481340067,荒川
江戸川区|臨海町3丁目,323112.75232879224,1,250.8365190796558,荒川
江戸川区|臨海町3丁目,323112.75232879224,1,603.6487357772934,荒川
江戸川区|臨海町3丁目,323112.75232879224,1,0.13332339102616292,荒川
江戸川区|臨海町3丁目,323112.75232879224,1,237.13304654998998,荒川
江戸川区|臨海町3丁目,323112.75232879224,1,10.115911139929077,荒川
江戸川区|臨海町3丁目,323112.75232879224,2,22030.108119559907,荒川
江戸川区|臨海町3丁目,323112.75232879224,2,34.61964122885706,荒川
江戸川区|臨海町5丁目,62462.631743572216,1,208.11656986774014,荒川
江戸川区|臨海町5丁目,62462.631743572216,1,67.5324813576817,荒川
江戸川区|臨海町5丁目,62462.631743572216,1,292.18341694554056,荒川
江戸川区|臨海町5丁目,62462.631743572216,1,288.6257962249709,荒川
江戸川区|臨海町5丁目,62462.631743572216,1,300.0697555345769,荒川
江戸川区|臨海町5丁目,62462.631743572216,1,196.92430010479302,荒川
江戸川区|臨海町5丁目,62462.631743572216,1,164.8533625564736,荒川
江戸川区|臨海町5丁目,62462.631743572216,2,1443.4326528663594,荒川
江戸川区|臨海町6丁目,2355808.647030816,1,202.63540921482382,荒川
江戸川区|臨海町6丁目,2355808.647030816,2,10.648642496413032,荒川
江戸川区|大杉1丁目,139738.2633810084,2,139738.26338100844,荒川
江戸川区|大杉2丁目,130697.6915455087,2,130593.5354900376,荒川
江戸川区|大杉2丁目,130697.6915455087,3,104.15605547109956,荒川
江戸川区|大杉3丁目,162842.80615963074,1,948.5119526636065,荒川
江戸川区|大杉3丁目,162842.80615963074,1,568.4796185449956,荒川
江戸川区|大杉3丁目,162842.80615963074,1,48.15944040039901,荒川
江戸川区|大杉3丁目,162842.80615963074,1,1408.2355196533476,荒川
江戸川区|大杉3丁目,162842.80615963074,1,316.45784202774007,荒川
江戸川区|大杉3丁目,162842.80615963074,2,159501.6915584523,荒川
江戸川区|大杉4丁目,169123.0520436323,1,331.31465571828585,荒川
江戸川区|大杉4丁目,169123.0520436323,1,550.6373378698872,荒川
江戸川区|大杉4丁目,169123.0520436323,1,5389.031883357777,荒川
江戸川区|大杉4丁目,169123.0520436323,1,1906.5247232501156,荒川
江戸川区|大杉4丁目,169123.0520436323,1,1148.5990510035413,荒川
江戸川区|大杉4丁目,169123.0520436323,1,215.38247538736522,荒川
江戸川区|大杉4丁目,169123.0520436323,2,158927.99475569697,荒川
江戸川区|大杉5丁目,204019.03435294938,2,191505.4260042831,荒川
江戸川区|大杉5丁目,204019.03435294938,2,25.92862183919313,荒川
江戸川区|大杉5丁目,204019.03435294938,3,12461.750625655663,荒川
江戸川区|大杉5丁目,204019.03435294938,3,25.929101171433295,荒川
江戸川区|松本1丁目,207414.3978035843,2,71904.92432090497,荒川
江戸川区|松本1丁目,207414.3978035843,2,443.7556540184616,荒川
江戸川区|松本1丁目,207414.3978035843,2,155.7985799531526,荒川
江戸川区|松本1丁目,207414.3978035843,2,156.41523094123494,荒川
江戸川区|松本1丁目,207414.3978035843,2,52.69780308904244,荒川
江戸川区|松本1丁目,207414.3978035843,2,444.1617237379461,荒川
江戸川区|松本1丁目,207414.3978035843,2,1671.284429769528,荒川
江戸川区|松本1丁目,207414.3978035843,2,470.30857696530734,荒川
江戸川区|松本1丁目,207414.3978035843,3,131983.29544650757,荒川
江戸川区|松本1丁目,207414.3978035843,3,25.516231531908453,荒川
江戸川区|松本1丁目,207414.3978035843,3,53.12086865160498,荒川
江戸川区|松本1丁目,207414.3978035843,3,26.559574165983225,荒川
江戸川区|松本1丁目,207414.3978035843,3,26.559363342795535,荒川
江戸川区|松本2丁目,257171.19213578157,1,287.3066086233187,荒川
江戸川区|松本2丁目,257171.19213578157,1,190.67166799219694,荒川
江戸川区|松本2丁目,257171.19213578157,2,253466.60675784654,荒川
江戸川区|松本2丁目,257171.19213578157,3,2598.2160165913565,荒川
江戸川区|松本2丁目,257171.19213578157,3,182.97437159796434,荒川
江戸川区|松本2丁目,257171.19213578157,3,445.4167131301412,荒川
江戸川区|上一色1丁目,106495.85850632552,2,946.038321816518,荒川
江戸川区|上一色1丁目,106495.85850632552,2,4.896573382605909,荒川
江戸川区|上一色1丁目,106495.85850632552,2,10.715390451319006,荒川
江戸川区|上一色1丁目,106495.85850632552,2,497.8669469594772,荒川
江戸川区|上一色1丁目,106495.85850632552,2,2324.3807320202486,荒川
江戸川区|上一色1丁目,106495.85850632552,2,233.15061326229946,荒川
江戸川区|上一色1丁目,106495.85850632552,2,1071.4261244751103,荒川
江戸川区|上一色1丁目,106495.85850632552,3,101407.38380395796,荒川
江戸川区|上一色2丁目,129291.56391512493,2,96848.68901357196,荒川
江戸川区|上一色2丁目,129291.56391512493,2,26.556584096952648,荒川
江戸川区|上一色2丁目,129291.56391512493,2,2775.1197168347644,荒川
江戸川区|上一色2丁目,129291.56391512493,3,29536.658283398865,荒川
江戸川区|上一色2丁目,129291.56391512493,3,26.556305388512623,荒川
江戸川区|上一色2丁目,129291.56391512493,3,51.84881692155898,荒川
江戸川区|上一色2丁目,129291.56391512493,3,26.135296470747846,荒川
江戸川区|上一色3丁目,150090.3334874413,1,615.5572835268003,荒川
江戸川区|上一色3丁目,150090.3334874413,1,103.70128475456686,荒川
江戸川区|上一色3丁目,150090.3334874413,1,156.3903778780584,荒川
江戸川区|上一色3丁目,150090.3334874413,1,26.133554628576398,荒川
江戸川区|上一色3丁目,150090.3334874413,1,575.3906655271941,荒川
江戸川区|上一色3丁目,150090.3334874413,1,653.804156453612,荒川
江戸川区|上一色3丁目,150090.3334874413,2,107806.2208277645,荒川
江戸川区|上一色3丁目,150090.3334874413,2,26.134148744415068,荒川
江戸川区|上一色3丁目,150090.3334874413,2,149.62040615843625,荒川
江戸川区|上一色3丁目,150090.3334874413,2,313.42502997752956,荒川
江戸川区|上一色3丁目,150090.3334874413,2,26.13505398750834,荒川
江戸川区|上一色3丁目,150090.3334874413,3,624.8370213447578,荒川
江戸川区|上一色3丁目,150090.3334874413,3,22656.891041641207,荒川
江戸川区|上一色3丁目,150090.3334874413,3,156.39459669112162,荒川
江戸川区|上一色3丁目,150090.3334874413,3,52.479783190205296,荒川
江戸川区|上一色3丁目,150090.3334874413,3,79.03650825569119,荒川
江戸川区|本一色1丁目,214649.579616154,2,1920.9735735049244,荒川
江戸川区|本一色1丁目,214649.579616154,2,25.515135480998993,荒川
江戸川区|本一色1丁目,214649.579616154,2,288.3795547031884,荒川
江戸川区|本一色1丁目,214649.579616154,2,1333.5165143882846,荒川
江戸川区|本一色1丁目,214649.579616154,2,93.22513207463037,荒川
江戸川区|本一色1丁目,214649.579616154,2,0.4115419295884043,荒川
江戸川区|本一色1丁目,214649.579616154,2,916.9893101603346,荒川
江戸川区|本一色1丁目,214649.579616154,2,1095.578822537811,荒川
江戸川区|本一色1丁目,214649.579616154,2,469.4742814792103,荒川
江戸川区|本一色1丁目,214649.579616154,2,651.4100273987517,荒川
江戸川区|本一色1丁目,214649.579616154,2,891.475103098099,荒川
江戸川区|本一色1丁目,214649.579616154,2,1097.6865988848726,荒川
江戸川区|本一色1丁目,214649.579616154,2,524.6890214647028,荒川
江戸川区|本一色1丁目,214649.579616154,3,205340.25499904857,荒川
江戸川区|本一色2丁目,183830.95476494025,2,576.0961307083311,荒川
江戸川区|本一色2丁目,183830.95476494025,2,1073.1500047661057,荒川
江戸川区|本一色2丁目,183830.95476494025,2,3.1402325986309387,荒川
江戸川区|本一色2丁目,183830.95476494025,2,52.48505165182668,荒川
江戸川区|本一色2丁目,183830.95476494025,2,756.5632749825603,荒川
江戸川区|本一色2丁目,183830.95476494025,2,600.361717681874,荒川
江戸川区|本一色2丁目,183830.95476494025,2,652.2188841488343,荒川
江戸川区|本一色2丁目,183830.95476494025,2,25.926743809852844,荒川
江戸川区|本一色2丁目,183830.95476494025,2,11422.393873905217,荒川
江戸川区|本一色2丁目,183830.95476494025,2,25.51442201425686,荒川
江戸川区|本一色2丁目,183830.95476494025,2,965.4470988893347,荒川
江戸川区|本一色2丁目,183830.95476494025,2,52.696871937665485,荒川
江戸川区|本一色2丁目,183830.95476494025,2,18.963750421453657,荒川
江戸川区|本一色2丁目,183830.95476494025,2,444.3675515073616,荒川
江戸川区|本一色2丁目,183830.95476494025,2,469.66124089788957,荒川
江戸川区|本一色2丁目,183830.95476494025,3,166559.59421042714,荒川
江戸川区|本一色2丁目,183830.95476494025,3,79.25550530680238,荒川
江戸川区|本一色2丁目,183830.95476494025,3,26.559205063703555,荒川
江戸川区|本一色2丁目,183830.95476494025,3,26.558994221389828,荒川
江戸川区|本一色3丁目,275168.91306212114,2,37.26482893453829,荒川
江戸川区|本一色3丁目,275168.91306212114,2,964.804008325096,荒川
江戸川区|本一色3丁目,275168.91306212114,2,1411.2761122459442,荒川
江戸川区|本一色3丁目,275168.91306212114,2,154.9520292309268,荒川
江戸川区|本一色3丁目,275168.91306212114,2,131.73609070341973,荒川
江戸川区|本一色3丁目,275168.91306212114,2,286.0552500176405,荒川
江戸川区|本一色3丁目,275168.91306212114,2,528.1289898547815,荒川
江戸川区|本一色3丁目,275168.91306212114,2,2170.73145758203,荒川
江戸川区|本一色3丁目,275168.91306212114,2,1983.1608638431874,荒川
江戸川区|本一色3丁目,275168.91306212114,2,1515.6579192397116,荒川
江戸川区|本一色3丁目,275168.91306212114,2,185.2652345198498,荒川
江戸川区|本一色3丁目,275168.91306212114,2,104.34608076929867,荒川
江戸川区|本一色3丁目,275168.91306212114,2,755.9152232809994,荒川
江戸川区|本一色3丁目,275168.91306212114,2,548.8999925100849,荒川
江戸川区|本一色3丁目,275168.91306212114,2,366.14424509087877,荒川
江戸川区|本一色3丁目,275168.91306212114,2,287.10859903612004,荒川
江戸川区|本一色3丁目,275168.91306212114,2,26.136512020493633,荒川
江戸川区|本一色3丁目,275168.91306212114,2,25.92586494939316,荒川
江戸川区|本一色3丁目,275168.91306212114,2,1571.6502236899926,荒川
江戸川区|本一色3丁目,275168.91306212114,2,444.144974947179,荒川
江戸川区|本一色3丁目,275168.91306212114,2,598.6980938067961,荒川
江戸川区|本一色3丁目,275168.91306212114,3,260993.95585204317,荒川
江戸川区|本一色3丁目,275168.91306212114,3,76.95462908558206,荒川
江戸川区|瑞江1丁目,233458.92111685392,1,160920.80319400775,荒川
江戸川区|瑞江1丁目,233458.92111685392,1,430.10182361873785,荒川
江戸川区|瑞江1丁目,233458.92111685392,1,79.06207761267245,荒川
江戸川区|瑞江1丁目,233458.92111685392,1,468.5347124660189,荒川
江戸川区|瑞江1丁目,233458.92111685392,1,51.04302737829724,荒川
江戸川区|瑞江1丁目,233458.92111685392,1,365.8262913388517,荒川
江戸川区|瑞江1丁目,233458.92111685392,1,446.97714064859207,荒川
江戸川区|瑞江1丁目,233458.92111685392,1,52.49887438971324,荒川
江戸川区|瑞江1丁目,233458.92111685392,1,129.68683413670644,荒川
江戸川区|瑞江1丁目,233458.92111685392,1,263.55204472446746,荒川
江戸川区|瑞江1丁目,233458.92111685392,1,26.14425296345444,荒川
江戸川区|瑞江1丁目,233458.92111685392,2,334.0578643369927,荒川
江戸川区|瑞江1丁目,233458.92111685392,2,4342.777819526006,荒川
江戸川区|瑞江1丁目,233458.92111685392,2,25.932986622007423,荒川
江戸川区|瑞江1丁目,233458.92111685392,2,26.14383723092643,荒川
江戸川区|瑞江1丁目,233458.92111685392,2,1.0055644703508435,荒川
江戸川区|瑞江1丁目,233458.92111685392,2,79.06223057072648,荒川
江戸川区|瑞江1丁目,233458.92111685392,2,51.66404803170023,荒川
江戸川区|瑞江1丁目,233458.92111685392,2,26.564939023812755,荒川
江戸川区|瑞江1丁目,233458.92111685392,2,51.664154512683965,荒川
江戸川区|瑞江1丁目,233458.92111685392,2,391.1267969650422,荒川
江戸川区|瑞江1丁目,233458.92111685392,2,26.56499375254483,荒川
江戸川区|瑞江1丁目,233458.92111685392,2,52.7095134160117,荒川
江戸川区|瑞江1丁目,233458.92111685392,2,52.70959112967259,荒川
江戸川区|瑞江1丁目,233458.92111685392,2,26.143972466661896,荒川
江戸川区|瑞江1丁目,233458.92111685392,2,182.99378705533718,荒川
江戸川区|瑞江1丁目,233458.92111685392,2,52.49774511544471,荒川
江戸川区|瑞江1丁目,233458.92111685392,2,1558.8143160309482,荒川
江戸川区|瑞江1丁目,233458.92111685392,2,103.9515186533144,荒川
江戸川区|瑞江1丁目,233458.92111685392,2,79.06301034244217,荒川
江戸川区|瑞江1丁目,233458.92111685392,2,26.14409018381047,荒川
江戸川区|瑞江1丁目,233458.92111685392,2,25.52107709262023,荒川
江戸川区|瑞江1丁目,233458.92111685392,2,7.788251389683428,荒川
江戸川区|瑞江1丁目,233458.92111685392,2,26.565226064791958,荒川
江戸川区|瑞江1丁目,233458.92111685392,2,116.38109901799285,荒川
江戸川区|瑞江1丁目,233458.92111685392,2,26.56534929190378,荒川
江戸川区|瑞江1丁目,233458.92111685392,2,25.9328676505422,荒川
江戸川区|瑞江1丁目,233458.92111685392,2,156.87276585836227,荒川
江戸川区|瑞江1丁目,233458.92111685392,2,52.710813803019384,荒川
江戸川区|瑞江1丁目,233458.92111685392,2,1202.4979230760462,荒川
江戸川区|瑞江1丁目,233458.92111685392,2,12828.675850909243,荒川
江戸川区|瑞江2丁目,175281.3215945997,1,61213.86239044483,荒川
江戸川区|瑞江2丁目,175281.3215945997,1,522.5139174715501,荒川
江戸川区|瑞江2丁目,175281.3215945997,1,208.54639364170689,荒川
江戸川区|瑞江2丁目,175281.3215945997,1,51.45671418962143,荒川
江戸川区|瑞江2丁目,175281.3215945997,1,1281.2096877787503,荒川
江戸川区|瑞江2丁目,175281.3215945997,1,52.50084374433977,荒川
江戸川区|瑞江2丁目,175281.3215945997,2,106604.05781831741,荒川
江戸川区|瑞江2丁目,175281.3215945997,2,651.1567060596619,荒川
江戸川区|瑞江2丁目,175281.3215945997,2,18.777520554022146,荒川
江戸川区|瑞江2丁目,175281.3215945997,2,40.70472273011217,荒川
江戸川区|瑞江2丁目,175281.3215945997,2,52.70994686111502,荒川
江戸川区|瑞江2丁目,175281.3215945997,2,25.52166724879755,荒川
江戸川区|瑞江2丁目,175281.3215945997,2,26.14436048744835,荒川
江戸川区|瑞江2丁目,175281.3215945997,2,25.933545929263637,荒川
江戸川区|瑞江2丁目,175281.3215945997,2,2316.458072964175,荒川
江戸川区|瑞江2丁目,175281.3215945997,2,25.933625687440408,荒川
江戸川区|瑞江2丁目,175281.3215945997,2,26.144481521222808,荒川
江戸川区|瑞江2丁目,175281.3215945997,2,26.14484713577481,荒川
江戸川区|瑞江2丁目,175281.3215945997,2,104.16673636298844,荒川
江戸川区|瑞江2丁目,175281.3215945997,2,26.144927053898602,荒川
江戸川区|瑞江2丁目,175281.3215945997,2,25.522176489241552,荒川
江戸川区|瑞江3丁目,86001.96997073697,1,17494.604011556574,荒川
江戸川区|瑞江3丁目,86001.96997073697,1,1072.6123579807702,荒川
江戸川区|瑞江3丁目,86001.96997073697,1,10.41237518403499,荒川
江戸川区|瑞江3丁目,86001.96997073697,1,2295.4395609976154,荒川
江戸川区|瑞江3丁目,86001.96997073697,2,64803.53531792529,荒川
江戸川区|瑞江3丁目,86001.96997073697,2,36.92146205486629,荒川
江戸川区|瑞江3丁目,86001.96997073697,2,26.144318045837863,荒川
江戸川区|瑞江3丁目,86001.96997073697,2,236.1555614607866,荒川
江戸川区|瑞江3丁目,86001.96997073697,2,26.14500553113322,荒川
江戸川区|瑞江4丁目,154154.80456537625,1,4937.791908948783,荒川
江戸川区|瑞江4丁目,154154.80456537625,1,551.8148574604676,荒川
江戸川区|瑞江4丁目,154154.80456537625,1,940.8804519794513,荒川
江戸川区|瑞江4丁目,154154.80456537625,1,78.23679415691127,荒川
江戸川区|瑞江4丁目,154154.80456537625,1,2697.3932725145673,荒川
江戸川区|瑞江4丁目,154154.80456537625,1,78.64935136137431,荒川
江戸川区|瑞江4丁目,154154.80456537625,1,942.5750114178956,荒川
江戸川区|瑞江4丁目,154154.80456537625,1,6342.294643303778,荒川
江戸川区|瑞江4丁目,154154.80456537625,1,524.421142516171,荒川
江戸川区|瑞江4丁目,154154.80456537625,1,26.1462502955342,荒川
江戸川区|瑞江4丁目,154154.80456537625,2,136982.51070916967,荒川
江戸川区|瑞江4丁目,154154.80456537625,2,26.56699713737776,荒川
江戸川区|瑞江4丁目,154154.80456537625,2,25.52363811023193,荒川
江戸川区|北篠崎1丁目,111226.23868042817,1,60430.823279363234,荒川
江戸川区|北篠崎1丁目,111226.23868042817,2,4969.928191579137,荒川
江戸川区|北篠崎1丁目,111226.23868042817,2,25.73775698122856,荒川
江戸川区|北篠崎1丁目,111226.23868042817,2,25.336048868241644,荒川
江戸川区|北篠崎2丁目,366396.55988430936,1,126618.92986940002,荒川
江戸川区|北篠崎2丁目,366396.55988430936,1,3895.9215716051276,荒川
江戸川区|北篠崎2丁目,366396.55988430936,1,468.6225551918422,荒川
江戸川区|北篠崎2丁目,366396.55988430936,1,7423.30839443369,荒川
江戸川区|北篠崎2丁目,366396.55988430936,1,11.08439626183415,荒川
江戸川区|北篠崎2丁目,366396.55988430936,1,26.55914331424314,荒川
江戸川区|北篠崎2丁目,366396.55988430936,1,4784.39478918317,荒川
江戸川区|北篠崎2丁目,366396.55988430936,1,6428.015659971183,荒川
江戸川区|北篠崎2丁目,366396.55988430936,1,6191.970358545573,荒川
江戸川区|北篠崎2丁目,366396.55988430936,1,340.4424549236832,荒川
江戸川区|北篠崎2丁目,366396.55988430936,1,4888.3050948261325,荒川
江戸川区|北篠崎2丁目,366396.55988430936,1,26.559782772546328,荒川
江戸川区|北篠崎2丁目,366396.55988430936,2,465.1592193603919,荒川
江戸川区|北篠崎2丁目,366396.55988430936,2,6510.231682073319,荒川
江戸川区|北篠崎2丁目,366396.55988430936,2,26.55904446849867,荒川
江戸川区|北篠崎2丁目,366396.55988430936,2,26.137476592522724,荒川
江戸川区|北篠崎2丁目,366396.55988430936,2,208.48783867478303,荒川
江戸川区|北篠崎2丁目,366396.55988430936,2,26.559062585922582,荒川
江戸川区|北篠崎2丁目,366396.55988430936,2,26.13751695182902,荒川
江戸川区|北篠崎2丁目,366396.55988430936,2,26.137191947700977,荒川
江戸川区|北篠崎2丁目,366396.55988430936,2,156.00226766226805,荒川
江戸川区|北篠崎2丁目,366396.55988430936,2,26.55910360309183,荒川
江戸川区|北篠崎2丁目,366396.55988430936,2,522.5747017187709,荒川
江戸川区|北篠崎2丁目,366396.55988430936,2,24.92037551571323,荒川
江戸川区|北篠崎2丁目,366396.55988430936,2,26.137273652466774,荒川
江戸川区|北篠崎2丁目,366396.55988430936,2,25.515221464168462,荒川
江戸川区|北篠崎2丁目,366396.55988430936,2,26.558856307645808,荒川
江戸川区|北篠崎2丁目,366396.55988430936,2,651.3916427868285,荒川
江戸川区|北篠崎2丁目,366396.55988430936,2,26.559130878996548,荒川
江戸川区|北篠崎2丁目,366396.55988430936,2,26.137557142857005,荒川
江戸川区|北篠崎2丁目,366396.55988430936,2,25.29072782207191,荒川
江戸川区|北篠崎2丁目,366396.55988430936,2,24.775576668678106,荒川
江戸川区|北篠崎2丁目,366396.55988430936,2,26.559171895955465,荒川
江戸川区|北篠崎2丁目,366396.55988430936,2,46914.71683989789,荒川
江戸川区|北篠崎2丁目,366396.55988430936,2,1201.5600720457826,荒川
江戸川区|北篠崎2丁目,366396.55988430936,2,26.55918567957454,荒川
江戸川区|北篠崎2丁目,366396.55988430936,2,24.416065118519242,荒川
江戸川区|北篠崎2丁目,366396.55988430936,2,26.55896670427801,荒川
江戸川区|北篠崎2丁目,366396.55988430936,2,286.70117047916693,荒川
江戸川区|北篠崎2丁目,366396.55988430936,2,77.7905818377977,荒川
江戸川区|北篠崎2丁目,366396.55988430936,2,25.51529918932303,荒川
江戸川区|北篠崎2丁目,366396.55988430936,2,25.515298943603792,荒川
江戸川区|北篠崎2丁目,366396.55988430936,2,104.13898736382141,荒川
江戸川区|北篠崎2丁目,366396.55988430936,2,52.696385128381706,荒川
江戸川区|北篠崎2丁目,366396.55988430936,2,25.51530033430417,荒川
江戸川区|北篠崎2丁目,366396.55988430936,2,26.13740940413321,荒川
江戸川区|北篠崎2丁目,366396.55988430936,2,12.708985962336945,荒川
江戸川区|北篠崎2丁目,366396.55988430936,2,26.13743452053793,荒川
江戸川区|北篠崎2丁目,366396.55988430936,2,25.927192748345814,荒川
江戸川区|北篠崎2丁目,366396.55988430936,2,26.559019851687253,荒川
江戸川区|北篠崎2丁目,366396.55988430936,2,26.137449759417333,荒川
江戸川区|北篠崎2丁目,366396.55988430936,2,25.92667717530199,荒川
江戸川区|北篠崎2丁目,366396.55988430936,2,53.11851845159037,荒川
江戸川区|北篠崎2丁目,366396.55988430936,2,36.17506251065901,荒川
江戸川区|北篠崎2丁目,366396.55988430936,2,26.559267764212855,荒川
江戸川区|北篠崎2丁目,366396.55988430936,2,25.51537915458465,荒川
江戸川区|北篠崎2丁目,366396.55988430936,2,12.334996866600907,荒川
江戸川区|北篠崎2丁目,366396.55988430936,2,1.6764146003288931,荒川
江戸川区|北篠崎2丁目,366396.55988430936,2,9.380677269267748,荒川
江戸川区|北篠崎2丁目,366396.55988430936,2,26.137758921488018,荒川
江戸川区|北篠崎2丁目,366396.55988430936,2,25.51545763404073,荒川
江戸川区|北篠崎2丁目,366396.55988430936,2,26.55937512831522,荒川
江戸川区|北篠崎2丁目,366396.55988430936,2,26.137811226531124,荒川
江戸川区|北篠崎2丁目,366396.55988430936,2,24.8507875778055,荒川
江戸川区|北篠崎2丁目,366396.55988430936,2,35.17004420277092,荒川
江戸川区|北篠崎2丁目,366396.55988430936,2,0.08291199678087925,荒川
江戸川区|北篠崎2丁目,366396.55988430936,2,26.559467268008415,荒川
江戸川区|北篠崎2丁目,366396.55988430936,2,51.653466357717114,荒川
江戸川区|北篠崎2丁目,366396.55988430936,2,0.12446489299438002,荒川
江戸川区|北篠崎2丁目,366396.55988430936,2,49.355537273699035,荒川
江戸川区|北篠崎2丁目,366396.55988430936,2,25.515690564620876,荒川
江戸川区|北篠崎2丁目,366396.55988430936,2,26.559619161795982,荒川
江戸川区|北篠崎2丁目,366396.55988430936,2,26.138049938521746,荒川
江戸川区|北篠崎2丁目,366396.55988430936,2,25.927273966680197,荒川
江戸川区|北篠崎2丁目,366396.55988430936,2,79.25740794078122,荒川
江戸川区|北篠崎2丁目,366396.55988430936,2,25.515767947892087,荒川
江戸川区|北篠崎2丁目,366396.55988430936,2,26.13821147720983,荒川
江戸川区|北篠崎2丁目,366396.55988430936,2,77.37075339400575,荒川
江戸川区|北篠崎2丁目,366396.55988430936,2,52.69806196723702,荒川
江戸川区|上篠崎1丁目,547178.3590271015,1,184887.65174925546,荒川
江戸川区|上篠崎1丁目,547178.3590271015,1,651.3972989924563,荒川
江戸川区|上篠崎1丁目,547178.3590271015,1,26.137880452156562,荒川
江戸川区|上篠崎1丁目,547178.3590271015,1,129.44493282811524,荒川
江戸川区|上篠崎1丁目,547178.3590271015,1,6064.6536687288635,荒川
江戸川区|上篠崎1丁目,547178.3590271015,1,234.6301631795415,荒川
江戸川区|上篠崎1丁目,547178.3590271015,1,235.8836725041274,荒川
江戸川区|上篠崎1丁目,547178.3590271015,1,2143.468401629437,荒川
江戸川区|上篠崎1丁目,547178.3590271015,1,366.16514898617817,荒川
江戸川区|上篠崎1丁目,547178.3590271015,1,499.39703159313194,荒川
江戸川区|上篠崎1丁目,547178.3590271015,1,443.12500294414855,荒川
江戸川区|上篠崎1丁目,547178.3590271015,1,5855.365374927244,荒川
江戸川区|上篠崎1丁目,547178.3590271015,1,157.0516841810399,荒川
江戸川区|上篠崎1丁目,547178.3590271015,1,156.20731005125415,荒川
江戸川区|上篠崎1丁目,547178.3590271015,1,42928.67294489873,荒川
江戸川区|上篠崎1丁目,547178.3590271015,1,809.0845811565912,荒川
江戸川区|上篠崎1丁目,547178.3590271015,1,105.81793434853688,荒川
江戸川区|上篠崎1丁目,547178.3590271015,1,731.9229343349023,荒川
江戸川区|上篠崎1丁目,547178.3590271015,1,287.54191174936295,荒川
江戸川区|上篠崎1丁目,547178.3590271015,1,26.559909407577727,荒川
江戸川区|上篠崎1丁目,547178.3590271015,1,52.48758321271522,荒川
江戸川区|上篠崎1丁目,547178.3590271015,1,620.5858154465195,荒川
江戸川区|上篠崎1丁目,547178.3590271015,1,78.41546525477759,荒川
江戸川区|上篠崎1丁目,547178.3590271015,1,51.65487283089186,荒川
江戸川区|上篠崎1丁目,547178.3590271015,1,52.27706124543163,荒川
江戸川区|上篠崎1丁目,547178.3590271015,1,26.13861630958445,荒川
江戸川区|上篠崎1丁目,547178.3590271015,1,391.05590284577283,荒川
江戸川区|上篠崎1丁目,547178.3590271015,1,288.18033151480904,荒川
江戸川区|上篠崎1丁目,547178.3590271015,1,26.138925829703552,荒川
江戸川区|上篠崎1丁目,547178.3590271015,1,972.881310938952,荒川
江戸川区|上篠崎1丁目,547178.3590271015,2,1292.5749633150333,荒川
江戸川区|上篠崎1丁目,547178.3590271015,2,47363.66057754915,荒川
江戸川区|上篠崎1丁目,547178.3590271015,2,8.494118972787104,荒川
江戸川区|上篠崎1丁目,547178.3590271015,2,0.24259066035071886,荒川
江戸川区|上篠崎1丁目,547178.3590271015,2,19.73208321562165,荒川
江戸川区|上篠崎1丁目,547178.3590271015,2,52.48823021243585,荒川
江戸川区|上篠崎1丁目,547178.3590271015,2,25.516362780762545,荒川
江戸川区|上篠崎1丁目,547178.3590271015,2,130.70374570078633,荒川
江戸川区|上篠崎1丁目,547178.3590271015,2,79.04840863001948,荒川
江戸川区|上篠崎1丁目,547178.3590271015,2,9677.480022112899,荒川
江戸川区|上篠崎1丁目,547178.3590271015,2,25.516398997534115,荒川
江戸川区|上篠崎1丁目,547178.3590271015,2,78.83789844992145,荒川
江戸川区|上篠崎1丁目,547178.3590271015,2,76.73680931307413,荒川
江戸川区|上篠崎1丁目,547178.3590271015,2,661.1459295003094,荒川
江戸川区|上篠崎1丁目,547178.3590271015,2,260.1341221187143,荒川
江戸川区|上篠崎1丁目,547178.3590271015,2,26.13880491819006,荒川
江戸川区|上篠崎1丁目,547178.3590271015,2,935.4084076545729,荒川
江戸川区|上篠崎1丁目,547178.3590271015,2,26.13880841135196,荒川
江戸川区|上篠崎1丁目,547178.3590271015,2,52.27553207814047,荒川
江戸川区|上篠崎1丁目,547178.3590271015,2,26.138809061865782,荒川
江戸川区|上篠崎1丁目,547178.3590271015,2,277.3224100411117,荒川
江戸川区|上篠崎1丁目,547178.3590271015,2,157.88690804974854,荒川
江戸川区|上篠崎1丁目,547178.3590271015,2,2.1185506217326866,荒川
江戸川区|上篠崎1丁目,547178.3590271015,2,25.926997616932155,荒川
江戸川区|上篠崎1丁目,547178.3590271015,2,51.655328987218695,荒川
江戸川区|上篠崎1丁目,547178.3590271015,2,205.3661156045506,荒川
江戸川区|上篠崎1丁目,547178.3590271015,2,26.13779964496218,荒川
江戸川区|上篠崎1丁目,547178.3590271015,2,26.560438828611087,荒川
江戸川区|上篠崎1丁目,547178.3590271015,2,26.560438648754605,荒川
江戸川区|上篠崎1丁目,547178.3590271015,2,392.94717673294076,荒川
江戸川区|上篠崎1丁目,547178.3590271015,2,208.49807405556663,荒川
江戸川区|上篠崎1丁目,547178.3590271015,2,25.516517005921727,荒川
江戸川区|上篠崎1丁目,547178.3590271015,2,25.51651726212924,荒川
江戸川区|上篠崎1丁目,547178.3590271015,2,26.559417718024925,荒川
江戸川区|上篠崎1丁目,547178.3590271015,2,26.476519239800847,荒川
江戸川区|上篠崎1丁目,547178.3590271015,2,392.9462290170085,荒川
江戸川区|上篠崎1丁目,547178.3590271015,2,52.48840548759437,荒川
江戸川区|上篠崎1丁目,547178.3590271015,2,210.3763259405068,荒川
江戸川区|上篠崎1丁目,547178.3590271015,2,26.013428087962566,荒川
江戸川区|上篠崎1丁目,547178.3590271015,2,26.560534932867988,荒川
江戸川区|上篠崎1丁目,547178.3590271015,2,1.452685081343212,荒川
江戸川区|上篠崎1丁目,547178.3590271015,2,78.21571661920791,荒川
江戸川区|上篠崎1丁目,547178.3590271015,2,26.559499203569864,荒川
江戸川区|上篠崎1丁目,547178.3590271015,2,0.0273228755933921,荒川
江戸川区|上篠崎1丁目,547178.3590271015,2,184.6591870998074,荒川
江戸川区|上篠崎1丁目,547178.3590271015,2,26.138969079295034,荒川
江戸川区|上篠崎1丁目,547178.3590271015,2,103.31134949254175,荒川
江戸川区|上篠崎1丁目,547178.3590271015,2,4.9819454485768855,荒川
江戸川区|上篠崎1丁目,547178.3590271015,2,26.137974727028656,荒川
江戸川区|上篠崎1丁目,547178.3590271015,2,26.139008686630138,荒川
江戸川区|上篠崎1丁目,547178.3590271015,2,130.07240519409876,荒川
江戸川区|上篠崎1丁目,547178.3590271015,2,25.928031078319748,荒川
江戸川区|上篠崎1丁目,547178.3590271015,2,26.559595846488325,荒川
江戸川区|上篠崎1丁目,547178.3590271015,2,26.559595747246888,荒川
江戸川区|上篠崎1丁目,547178.3590271015,2,104.77688678682662,荒川
江戸川区|上篠崎1丁目,547178.3590271015,2,2.8436879524069365,荒川
江戸川区|上篠崎1丁目,547178.3590271015,2,26.139063180577264,荒川
江戸川区|上篠崎1丁目,547178.3590271015,2,520.0800860690387,荒川
江戸川区|上篠崎1丁目,547178.3590271015,2,26.559623236410893,荒川
江戸川区|上篠崎1丁目,547178.3590271015,2,26.560687387979073,荒川
江戸川区|上篠崎1丁目,547178.3590271015,2,26.13805550115022,荒川
江戸川区|上篠崎1丁目,547178.3590271015,2,26.56070292230155,荒川
江戸川区|上篠崎1丁目,547178.3590271015,2,26.139105732404502,荒川
江戸川区|上篠崎1丁目,547178.3590271015,2,79.04661471197919,荒川
江戸川区|上篠崎1丁目,547178.3590271015,2,78.62817170775999,荒川
江戸川区|上篠崎1丁目,547178.3590271015,2,52.48905119627376,荒川
江戸川区|上篠崎1丁目,547178.3590271015,2,3971.582652266117,荒川
江戸川区|上篠崎1丁目,547178.3590271015,2,6296.079188679444,荒川
江戸川区|上篠崎1丁目,547178.3590271015,2,26.561046136398343,荒川
江戸川区|上篠崎1丁目,547178.3590271015,2,26.559678058730547,荒川
江戸川区|上篠崎1丁目,547178.3590271015,2,25.51577334056334,荒川
江戸川区|上篠崎1丁目,547178.3590271015,2,26.559705165418762,荒川
江戸川区|上篠崎1丁目,547178.3590271015,2,26.55971906901562,荒川
江戸川区|上篠崎1丁目,547178.3590271015,2,51.44316726484473,荒川
江戸川区|上篠崎1丁目,547178.3590271015,2,25.515812757780182,荒川
江戸川区|上篠崎1丁目,547178.3590271015,2,52.27633868103351,荒川
江戸川区|上篠崎1丁目,547178.3590271015,2,52.69798991658926,荒川
江戸川区|上篠崎1丁目,547178.3590271015,2,261.19139802764613,荒川
江戸川区|上篠崎1丁目,547178.3590271015,2,26.560894716620663,荒川
江戸川区|上篠崎1丁目,547178.3590271015,2,0.19897400073622418,荒川
江戸川区|上篠崎1丁目,547178.3590271015,2,0.00032820486003766176,荒川
江戸川区|上篠崎1丁目,547178.3590271015,2,25.927753463718098,荒川
江戸川区|上篠崎1丁目,547178.3590271015,2,25.515891154808813,荒川
江戸川区|上篠崎1丁目,547178.3590271015,2,78.21396341037773,荒川
江戸川区|上篠崎1丁目,547178.3590271015,2,26.55982836485031,荒川
江戸川区|上篠崎1丁目,547178.3590271015,2,26.138256117694244,荒川
江戸川区|上篠崎1丁目,547178.3590271015,2,51.65418815086653,荒川
江戸川区|上篠崎1丁目,547178.3590271015,2,25.92747704451206,荒川
江戸川区|上篠崎1丁目,547178.3590271015,2,77.37088595598652,荒川
江戸川区|上篠崎1丁目,547178.3590271015,2,366.9994506925268,荒川
江戸川区|上篠崎1丁目,547178.3590271015,2,52.69815214803713,荒川
江戸川区|上篠崎1丁目,547178.3590271015,2,26.559869301395732,荒川
江戸川区|上篠崎1丁目,547178.3590271015,2,26.138296923203313,荒川
江戸川区|上篠崎1丁目,547178.3590271015,2,26.138297653821418,荒川
江戸川区|上篠崎1丁目,547178.3590271015,2,25.516279598824273,荒川
江戸川区|上篠崎1丁目,547178.3590271015,2,25.515968836708296,荒川
江戸川区|上篠崎1丁目,547178.3590271015,2,26.559908735209714,荒川
江戸川区|上篠崎1丁目,547178.3590271015,2,51.65433888515369,荒川
江戸川区|上篠崎1丁目,547178.3590271015,2,103.72026420849316,荒川
江戸川区|上篠崎1丁目,547178.3590271015,2,366.17006534195974,荒川
江戸川区|上篠崎1丁目,547178.3590271015,2,1228.7933830385193,荒川
江戸川区|上篠崎1丁目,547178.3590271015,2,26.560029929846973,荒川
江戸川区|上篠崎1丁目,547178.3590271015,2,79.04814305672228,荒川
江戸川区|上篠崎1丁目,547178.3590271015,2,25.51612459523126,荒川
江戸川区|上篠崎1丁目,547178.3590271015,2,25.516162888378293,荒川
江戸川区|上篠崎1丁目,547178.3590271015,2,52.6988430423818,荒川
江戸川区|上篠崎1丁目,547178.3590271015,2,26.138577962727965,荒川
江戸川区|上篠崎1丁目,547178.3590271015,2,25.92779413068241,荒川
江戸川区|上篠崎1丁目,547178.3590271015,2,26.560195059159675,荒川
江戸川区|上篠崎2丁目,242951.04116284414,1,92739.2680859084,荒川
江戸川区|上篠崎2丁目,242951.04116284414,1,25.516993129125826,荒川
江戸川区|上篠崎2丁目,242951.04116284414,1,25.51691750177399,荒川
江戸川区|上篠崎2丁目,242951.04116284414,1,443.98435251269115,荒川
江戸川区|上篠崎2丁目,242951.04116284414,1,4547.794662420323,荒川
江戸川区|上篠崎2丁目,242951.04116284414,1,25.929316239713028,荒川
江戸川区|上篠崎2丁目,242951.04116284414,2,51.44673437348301,荒川
江戸川区|上篠崎2丁目,242951.04116284414,2,51.65697774104099,荒川
江戸川区|上篠崎2丁目,242951.04116284414,2,26.13952327668606,荒川
江戸川区|上篠崎2丁目,242951.04116284414,2,19112.56731548222,荒川
江戸川区|上篠崎2丁目,242951.04116284414,2,52.490636475262185,荒川
江戸川区|上篠崎2丁目,242951.04116284414,2,25.94033318831963,荒川
江戸川区|上篠崎2丁目,242951.04116284414,2,25.928191315924934,荒川
江戸川区|上篠崎2丁目,242951.04116284414,2,103.72402988582873,荒川
江戸川区|上篠崎2丁目,242951.04116284414,2,53.12335332402125,荒川
江戸川区|上篠崎2丁目,242951.04116284414,2,101.19337579923618,荒川
江戸川区|上篠崎2丁目,242951.04116284414,2,236.10782967080868,荒川
江戸川区|上篠崎2丁目,242951.04116284414,2,51.44684903311753,荒川
江戸川区|上篠崎2丁目,242951.04116284414,2,51.65795510535443,荒川
江戸川区|上篠崎2丁目,242951.04116284414,2,26.5610164906713,荒川
江戸川区|上篠崎2丁目,242951.04116284414,2,26.1404883322942,荒川
江戸川区|上篠崎2丁目,242951.04116284414,2,26.13996642580212,荒川
江戸川区|上篠崎2丁目,242951.04116284414,2,51.658034838837125,荒川
江戸川区|上篠崎2丁目,242951.04116284414,2,26.139452041769303,荒川
江戸川区|上篠崎2丁目,242951.04116284414,2,26.561847116414803,荒川
江戸川区|上篠崎2丁目,242951.04116284414,2,916.4349176434273,荒川
江戸川区|上篠崎2丁目,242951.04116284414,2,8223.990484167909,荒川
江戸川区|上篠崎2丁目,242951.04116284414,2,52.280318102675075,荒川
江戸川区|上篠崎2丁目,242951.04116284414,2,52.27910168437448,荒川
江戸川区|上篠崎2丁目,242951.04116284414,2,26.139508881830217,荒川
江戸川区|上篠崎2丁目,242951.04116284414,2,156.43619303650948,荒川
江戸川区|上篠崎2丁目,242951.04116284414,2,26.140377906546377,荒川
江戸川区|上篠崎2丁目,242951.04116284414,2,26.139586116153186,荒川
江戸川区|上篠崎2丁目,242951.04116284414,2,51.65660420733778,荒川
江戸川区|上篠崎2丁目,242951.04116284414,2,26.561511134003098,荒川
江戸川区|上篠崎2丁目,242951.04116284414,2,25.928798425525827,荒川
江戸川区|上篠崎3丁目,121427.10838998709,1,106894.46067130879,荒川
江戸川区|上篠崎3丁目,121427.10838998709,1,25.928755316873662,荒川
江戸川区|上篠崎3丁目,121427.10838998709,1,25.517502401880908,荒川
江戸川区|上篠崎3丁目,121427.10838998709,1,123.97332624199402,荒川
江戸川区|上篠崎3丁目,121427.10838998709,2,0.3460858453028805,荒川
江戸川区|上篠崎3丁目,121427.10838998709,2,169.36783155221406,荒川
江戸川区|上篠崎3丁目,121427.10838998709,2,45.90827964703924,荒川
江戸川区|上篠崎3丁目,121427.10838998709,2,210.80334510458374,荒川
江戸川区|上篠崎3丁目,121427.10838998709,2,51.44467366042261,荒川
江戸川区|上篠崎3丁目,121427.10838998709,2,26.13962458070622,荒川
江戸川区|上篠崎3丁目,121427.10838998709,2,49.992067150957794,荒川
江戸川区|上篠崎3丁目,121427.10838998709,2,601.4556994976039,荒川
江戸川区|上篠崎3丁目,121427.10838998709,2,181.7327772358078,荒川
江戸川区|上篠崎3丁目,121427.10838998709,2,52.25060996244684,荒川
江戸川区|上篠崎3丁目,121427.10838998709,2,26.561312877138825,荒川
江戸川区|上篠崎3丁目,121427.10838998709,2,335.26707679643295,荒川
江戸川区|上篠崎3丁目,121427.10838998709,2,131.54173506939114,荒川
江戸川区|上篠崎3丁目,121427.10838998709,2,76.41668679218178,荒川
江戸川区|上篠崎3丁目,121427.10838998709,2,754.3317485296894,荒川
江戸川区|上篠崎3丁目,121427.10838998709,2,714.4363941893157,荒川
江戸川区|上篠崎3丁目,121427.10838998709,2,26.13916755857006,荒川
江戸川区|上篠崎3丁目,121427.10838998709,2,470.3250770160743,荒川
江戸川区|上篠崎3丁目,121427.10838998709,2,77.79522217538786,荒川
江戸川区|上篠崎3丁目,121427.10838998709,2,26.13989387173671,荒川
江戸川区|上篠崎3丁目,121427.10838998709,2,24.492986886840608,荒川
江戸川区|上篠崎3丁目,121427.10838998709,2,183.2003529013978,荒川
江戸川区|上篠崎3丁目,121427.10838998709,2,495.84409514897214,荒川
江戸川区|上篠崎3丁目,121427.10838998709,2,77.79758100538137,荒川
江戸川区|上篠崎3丁目,121427.10838998709,2,367.0358483407451,荒川
江戸川区|上篠崎3丁目,121427.10838998709,2,234.22025074426168,荒川
江戸川区|上篠崎3丁目,121427.10838998709,2,102.89109090627609,荒川
江戸川区|上篠崎3丁目,121427.10838998709,2,26.139369911111658,荒川
江戸川区|上篠崎3丁目,121427.10838998709,2,110.02956352136454,荒川
江戸川区|上篠崎3丁目,121427.10838998709,2,182.98588196115435,荒川
江戸川区|上篠崎3丁目,121427.10838998709,2,25.928800909295802,荒川
江戸川区|上篠崎3丁目,121427.10838998709,2,79.26158454236925,荒川
江戸川区|上篠崎3丁目,121427.10838998709,2,26.139450679301284,荒川
江戸川区|上篠崎3丁目,121427.10838998709,2,26.561067623874425,荒川
江戸川区|上篠崎3丁目,121427.10838998709,2,1019.921996810914,荒川
江戸川区|上篠崎3丁目,121427.10838998709,2,25.928714539793866,荒川
江戸川区|上篠崎3丁目,121427.10838998709,2,52.700665528536504,荒川
江戸川区|上篠崎3丁目,121427.10838998709,2,26.1395707770353,荒川
江戸川区|上篠崎3丁目,121427.10838998709,2,1151.2652927745103,荒川
江戸川区|上篠崎3丁目,121427.10838998709,2,26.139585724458563,荒川
江戸川区|上篠崎4丁目,195224.60307982875,1,95662.03623935257,荒川
江戸川区|上篠崎4丁目,195224.60307982875,1,966.2178352970308,荒川
江戸川区|上篠崎4丁目,195224.60307982875,1,3242.483837441655,荒川
江戸川区|上篠崎4丁目,195224.60307982875,1,10646.33747810965,荒川
江戸川区|上篠崎4丁目,195224.60307982875,1,2296.9886308201326,荒川
江戸川区|上篠崎4丁目,195224.60307982875,1,1671.6575074570712,荒川
江戸川区|上篠崎4丁目,195224.60307982875,1,77.58943790328354,荒川
江戸川区|上篠崎4丁目,195224.60307982875,1,5227.9144653142275,荒川
江戸川区|上篠崎4丁目,195224.60307982875,1,26.140898526511855,荒川
江戸川区|上篠崎4丁目,195224.60307982875,1,782.8127006832804,荒川
江戸川区|上篠崎4丁目,195224.60307982875,1,52.49268566499457,荒川
江戸川区|上篠崎4丁目,195224.60307982875,1,158.53290897915477,荒川
江戸川区|上篠崎4丁目,195224.60307982875,1,677.8276438644139,荒川
江戸川区|上篠崎4丁目,195224.60307982875,2,61997.84539585727,荒川
江戸川区|上篠崎4丁目,195224.60307982875,2,209.97131844604954,荒川
江戸川区|上篠崎4丁目,195224.60307982875,2,51.65823877698861,荒川
江戸川区|上篠崎4丁目,195224.60307982875,2,52.70231406202804,荒川
江戸川区|上篠崎4丁目,195224.60307982875,2,182.78170476283128,荒川
江戸川区|上篠崎4丁目,195224.60307982875,2,26.56200782611101,荒川
江戸川区|上篠崎4丁目,195224.60307982875,2,51.03653984948374,荒川
江戸川区|上篠崎4丁目,195224.60307982875,2,157.2742397852802,荒川
江戸川区|上篠崎4丁目,195224.60307982875,2,52.70244998510897,荒川
江戸川区|上篠崎4丁目,195224.60307982875,2,156.85263618530573,荒川
江戸川区|上篠崎4丁目,195224.60307982875,2,26.562131438516772,荒川
江戸川区|上篠崎4丁目,195224.60307982875,2,287.35568263604387,荒川
江戸川区|上篠崎4丁目,195224.60307982875,2,1435.1137828938947,荒川
江戸川区|上篠崎4丁目,195224.60307982875,2,52.70308870750029,荒川
江戸川区|上篠崎4丁目,195224.60307982875,2,77.79907937256884,荒川
江戸川区|上篠崎4丁目,195224.60307982875,2,52.49208718756215,荒川
江戸川区|上篠崎4丁目,195224.60307982875,2,25.929832167266518,荒川
江戸川区|上篠崎4丁目,195224.60307982875,2,26.140488702907376,荒川
江戸川区|上篠崎4丁目,195224.60307982875,2,25.51832717810879,荒川
江戸川区|上篠崎4丁目,195224.60307982875,2,76.96719797971758,荒川
江戸川区|上篠崎4丁目,195224.60307982875,2,25.51832808011512,荒川
江戸川区|上篠崎4丁目,195224.60307982875,2,105.40602402184167,荒川
江戸川区|上篠崎4丁目,195224.60307982875,2,79.05477594259128,荒川
江戸川区|上篠崎4丁目,195224.60307982875,2,443.9925181791909,荒川
江戸川区|上篠崎4丁目,195224.60307982875,2,52.492440158289,荒川
江戸川区|上篠崎4丁目,195224.60307982875,2,25.930031865822492,荒川
江戸川区|上篠崎4丁目,195224.60307982875,2,51.65930649736219,荒川
江戸川区|上篠崎4丁目,195224.60307982875,2,79.05505971516722,荒川
江戸川区|上篠崎4丁目,195224.60307982875,2,26.562541986732857,荒川
江戸川区|上篠崎4丁目,195224.60307982875,2,77.80072922109927,荒川
江戸川区|谷河内1丁目,101523.32551529593,1,5239.601912900705,荒川
江戸川区|谷河内1丁目,101523.32551529593,1,366.0124627640652,荒川
江戸川区|谷河内1丁目,101523.32551529593,1,496.1019946690155,荒川
江戸川区|谷河内1丁目,101523.32551529593,1,758.3928128346314,荒川
江戸川区|谷河内1丁目,101523.32551529593,1,469.55024651640235,荒川
江戸川区|谷河内1丁目,101523.32551529593,1,471.85104286536614,荒川
江戸川区|谷河内1丁目,101523.32551529593,1,965.4616474752969,荒川
江戸川区|谷河内1丁目,101523.32551529593,1,392.7924117657711,荒川
江戸川区|谷河内1丁目,101523.32551529593,1,495.90686254614707,荒川
江戸川区|谷河内1丁目,101523.32551529593,1,939.3113640520377,荒川
江戸川区|谷河内1丁目,101523.32551529593,1,861.5056096037807,荒川
江戸川区|谷河内1丁目,101523.32551529593,1,575.3663768958006,荒川
江戸川区|谷河内1丁目,101523.32551529593,1,51.66160708220329,荒川
江戸川区|谷河内1丁目,101523.32551529593,1,78.01665716345141,荒川
江戸川区|谷河内1丁目,101523.32551529593,1,79.27125113203113,荒川
江戸川区|谷河内1丁目,101523.32551529593,1,4335.569803961221,荒川
江戸川区|谷河内1丁目,101523.32551529593,1,25.51966049637891,荒川
江戸川区|谷河内1丁目,101523.32551529593,1,392.3729509295766,荒川
江戸川区|谷河内1丁目,101523.32551529593,2,80027.848384045,荒川
江戸川区|谷河内1丁目,101523.32551529593,2,26.564203226095778,荒川
江戸川区|谷河内2丁目,122486.74212837858,1,75821.16405531536,荒川
江戸川区|谷河内2丁目,122486.74212837858,1,798.0979565514444,荒川
江戸川区|谷河内2丁目,122486.74212837858,2,2080.684715922284,荒川
江戸川区|谷河内2丁目,122486.74212837858,2,25.520530240457624,荒川
江戸川区|谷河内2丁目,122486.74212837858,2,26.142784641345568,荒川
江戸川区|谷河内2丁目,122486.74212837858,2,1.0589931261796441,荒川
江戸川区|東松本1丁目,97127.67763086851,1,2.3705534067867546,荒川
江戸川区|東松本1丁目,97127.67763086851,1,966.1290519739833,荒川
江戸川区|東松本1丁目,97127.67763086851,1,3236.363691089055,荒川
江戸川区|東松本1丁目,97127.67763086851,1,653.4637535781959,荒川
江戸川区|東松本1丁目,97127.67763086851,1,1951.5224871747414,荒川
江戸川区|東松本1丁目,97127.67763086851,1,1201.758997164346,荒川
江戸川区|東松本1丁目,97127.67763086851,1,4.838128870482013,荒川
江戸川区|東松本1丁目,97127.67763086851,1,805.6440594134198,荒川
江戸川区|東松本1丁目,97127.67763086851,1,2270.287462110293,荒川
江戸川区|東松本1丁目,97127.67763086851,1,471.3366760475738,荒川
江戸川区|東松本1丁目,97127.67763086851,1,1278.1047030726497,荒川
江戸川区|東松本1丁目,97127.67763086851,1,4572.671573705356,荒川
江戸川区|東松本1丁目,97127.67763086851,1,443.96247867277134,荒川
江戸川区|東松本1丁目,97127.67763086851,1,2977.5692810001374,荒川
江戸川区|東松本1丁目,97127.67763086851,1,2244.9485678908623,荒川
江戸川区|東松本1丁目,97127.67763086851,1,2219.12083553293,荒川
江戸川区|東松本1丁目,97127.67763086851,1,2.0470217612918,荒川
江戸川区|東松本1丁目,97127.67763086851,1,2170.827193892887,荒川
江戸川区|東松本1丁目,97127.67763086851,1,1612.265445517002,荒川
江戸川区|東松本1丁目,97127.67763086851,1,3207.7021451230557,荒川
江戸川区|東松本1丁目,97127.67763086851,2,63184.4487337059,荒川
江戸川区|東松本1丁目,97127.67763086851,2,234.619905101317,荒川
江戸川区|東松本1丁目,97127.67763086851,2,26.55935592014983,荒川
江戸川区|東松本1丁目,97127.67763086851,2,26.559136228192003,荒川
江戸川区|東松本1丁目,97127.67763086851,2,52.48644190757345,荒川
江戸川区|東松本2丁目,155160.1981864504,1,38.679190924926544,荒川
江戸川区|東松本2丁目,155160.1981864504,1,0.24846999091764066,荒川
江戸川区|東松本2丁目,155160.1981864504,1,1438.0247956139494,荒川
江戸川区|東松本2丁目,155160.1981864504,1,977.0870612338293,荒川
江戸川区|東松本2丁目,155160.1981864504,1,286.6849140623124,荒川
江戸川区|東松本2丁目,155160.1981864504,1,51.651985962337584,荒川
江戸川区|東松本2丁目,155160.1981864504,1,2957.1696405216067,荒川
江戸川区|東松本2丁目,155160.1981864504,1,1040.3281639727163,荒川
江戸川区|東松本2丁目,155160.1981864504,1,339.58384454478204,荒川
江戸川区|東松本2丁目,155160.1981864504,1,51.4415729199226,荒川
江戸川区|東松本2丁目,155160.1981864504,1,52.275567881886026,荒川
江戸川区|東松本2丁目,155160.1981864504,1,2015.4287728995573,荒川
江戸川区|東松本2丁目,155160.1981864504,1,966.9389013225101,荒川
江戸川区|東松本2丁目,155160.1981864504,1,340.0241498413754,荒川
江戸川区|東松本2丁目,155160.1981864504,1,3422.5863045462356,荒川
江戸川区|東松本2丁目,155160.1981864504,1,260.764463380519,荒川
江戸川区|東松本2丁目,155160.1981864504,1,2121.8906273716707,荒川
江戸川区|東松本2丁目,155160.1981864504,1,706.6019913308511,荒川
江戸川区|東松本2丁目,155160.1981864504,1,967.3672581112702,荒川
江戸川区|東松本2丁目,155160.1981864504,1,1697.2038896890715,荒川
江戸川区|東松本2丁目,155160.1981864504,1,25.92747219678649,荒川
江戸川区|東松本2丁目,155160.1981864504,1,497.90871039560636,荒川
江戸川区|東松本2丁目,155160.1981864504,1,26.55970805569723,荒川
江戸川区|東松本2丁目,155160.1981864504,1,26.137914385484464,荒川
江戸川区|東松本2丁目,155160.1981864504,1,994.9931950687715,荒川
江戸川区|東松本2丁目,155160.1981864504,2,133830.55234644006,荒川
江戸川区|東松本2丁目,155160.1981864504,2,26.137990324291422,荒川
