key,collapse_erosion_area,collapse_erosion_ratio
世田谷区|上祖師谷2丁目,20948.158293557695,0.0769710275148654
世田谷区|上祖師谷3丁目,15244.577756620389,0.09271149795591438
世田谷区|上祖師谷4丁目,14522.983348032305,0.06171741426827722
世田谷区|上祖師谷6丁目,21118.43913319266,0.1352059427509861
世田谷区|上野毛1丁目,205.6638654329723,0.0010032211722360975
世田谷区|上野毛2丁目,24810.03467697828,0.09815257938541301
世田谷区|上野毛3丁目,10868.409717274988,0.0684237819728779
世田谷区|中町1丁目,38444.86020437304,0.2323792578623981
世田谷区|中町2丁目,42381.47918643559,0.16422319502699556
世田谷区|中町3丁目,10363.745526092483,0.0531996844776608
世田谷区|中町4丁目,13043.923293979446,0.06539031053835334
世田谷区|中町5丁目,17502.858576134993,0.0919195857677023
世田谷区|喜多見3丁目,2201.1019487014237,0.012430576925070139
世田谷区|喜多見5丁目,18619.211659974386,0.08330405170488081
世田谷区|喜多見6丁目,11126.221661751228,0.080253030993665
世田谷区|喜多見7丁目,36241.92747265671,0.10855509186636587
世田谷区|喜多見8丁目,8830.928331960155,0.0543803568287107
世田谷区|喜多見9丁目,17949.775654224333,0.06143062170488095
世田谷区|大蔵3丁目,10045.738904024787,0.09767548722088638
世田谷区|大蔵4丁目,12250.95496970399,0.06085319568474879
世田谷区|大蔵5丁目,30693.22741945178,0.14019639098350328
世田谷区|大蔵6丁目,18327.578276434167,0.11586567765552412
世田谷区|奥沢1丁目,3777.8759223020234,0.012480342210089443
世田谷区|宇奈根1丁目,43300.4438282157,0.12783733491776222
世田谷区|宇奈根2丁目,11504.568349892583,0.03458077650173864
世田谷区|宇奈根3丁目,13586.84257536253,0.10359647441888206
世田谷区|尾山台1丁目,8610.761425761073,0.05853739538170727
世田谷区|尾山台2丁目,8420.807915625839,0.045375866110310706
世田谷区|岡本2丁目,22397.085870558705,0.0873182239387779
世田谷区|岡本3丁目,13898.548486191188,0.05820339962196969
世田谷区|成城1丁目,17111.457080263433,0.06699411068985837
世田谷区|成城2丁目,8975.232857630104,0.03398672633177657
世田谷区|成城3丁目,11135.743406724772,0.048517250241832545
世田谷区|成城4丁目,21678.13679107462,0.06712963604432713
世田谷区|成城6丁目,14854.320497412771,0.05017971609225115
世田谷区|成城7丁目,10993.801003502953,0.04748279381766478
世田谷区|成城9丁目,12131.297263109967,0.050035782430038755
世田谷区|瀬田1丁目,21888.77529784157,0.08429805897259919
世田谷区|瀬田2丁目,217.35502061262522,0.0010330558631448483
世田谷区|瀬田4丁目,15389.225247712791,0.052780232598017784
世田谷区|玉堤1丁目,6138.799727081455,0.012311057531096271
世田谷区|玉堤2丁目,23723.127743743404,0.15979936451216764
世田谷区|玉川1丁目,70999.03862608508,0.2395432138178813
世田谷区|玉川2丁目,16297.833111697646,0.09549167311489747
世田谷区|玉川3丁目,13117.700379859689,0.047028299469926274
世田谷区|玉川4丁目,10589.621258843968,0.05458054719932861
世田谷区|玉川台1丁目,6603.226068517175,0.05715076855235052
世田谷区|玉川台2丁目,37.69360203733163,0.00018539331001766695
世田谷区|用賀1丁目,15802.719429956642,0.06852263195210145
世田谷区|用賀2丁目,10512.417125792834,0.03520389144398556
世田谷区|用賀4丁目,220.06910451339536,0.0009524161906634016
世田谷区|砧7丁目,14805.122598548987,0.10038055041155612
世田谷区|砧8丁目,9083.77592997327,0.04539101543887258
世田谷区|祖師谷3丁目,15476.642077284147,0.05122363120638023
世田谷区|祖師谷4丁目,8993.56494141859,0.044213179807670575
世田谷区|祖師谷5丁目,11460.183385912464,0.05167201327672538
世田谷区|等々力1丁目,28046.777317286094,0.11562431214985207
世田谷区|等々力2丁目,19702.197533340863,0.08259791522098721
世田谷区|等々力3丁目,1018.319123945269,0.0050967352290920195
世田谷区|給田1丁目,16875.139521828707,0.09300758922484209
世田谷区|給田2丁目,16248.744694072846,0.13583692463049507
世田谷区|給田3丁目,10883.045164115421,0.051518453269504855
世田谷区|野毛1丁目,34911.748313164986,0.16033426974331008
世田谷区|野毛2丁目,66078.6098598329,0.21068903550381024
世田谷区|野毛3丁目,18830.222571584334,0.1077079125473783
世田谷区|鎌田1丁目,35998.71498391749,0.0913851806807311
世田谷区|鎌田2丁目,16336.594425894806,0.06873349794072992
世田谷区|鎌田3丁目,39486.714076925346,0.1818406799235201
世田谷区|鎌田4丁目,28075.920736271335,0.1838776425930078
中央区|佃1丁目,11031.887581056804,0.13072146136932725
中央区|勝どき1丁目,5880.836521032234,0.0720778263921822
中央区|勝どき3丁目,4195.0858205643235,0.05039614610433721
中央区|勝どき5丁目,1733.7653961884982,0.015709716761563606
中央区|新川1丁目,3558.0557300690225,0.01732024407560146
中央区|新川2丁目,2888.487663675055,0.016752494789894965
中央区|日本橋中洲,11228.78122807283,0.11893201512420319
中央区|日本橋浜町1丁目,3529.311472459232,0.06797615969509324
中央区|日本橋浜町2丁目,10907.909010453837,0.05145276121116381
中央区|日本橋浜町3丁目,5467.875520071767,0.04300617563407362
中央区|日本橋箱崎町,4293.322567378639,0.017279683692730096
中央区|日本橋馬喰町2丁目,10746.906945714012,0.23632807764576114
中央区|明石町,8788.556783203294,0.05131909718691564
中央区|月島1丁目,3951.2514173960462,0.039885760577650885
中央区|月島3丁目,9797.524671115121,0.08216702207743463
中央区|東日本橋1丁目,5427.637813239961,0.0826036154751153
中央区|東日本橋2丁目,15805.118707802074,0.14672988690559008
中央区|湊2丁目,3189.6259721346873,0.07852270660627965
中央区|湊3丁目,3585.8590125887886,0.07194213742185522
中央区|築地5丁目,7303.215566673012,0.021973812485898768
中央区|築地6丁目,6120.365331595129,0.05444333815286274
中央区|築地7丁目,2186.8341689645854,0.02856825791417107
中野区|上高田4丁目,26193.589302097716,0.13671873403061519
中野区|上高田5丁目,37661.59600877563,0.17358060241561127
中野区|中央1丁目,22077.31512303813,0.09492163734432314
中野区|南台3丁目,4285.384916598842,0.020411900373689413
中野区|南台5丁目,23952.050292482843,0.1327670296431022
中野区|大和町2丁目,18437.300491489066,0.12618851484400623
中野区|大和町4丁目,20477.394427541894,0.09963553612136077
中野区|弥生町1丁目,16274.451051345979,0.07339127876526405
中野区|弥生町2丁目,19436.002510286362,0.10875243143288281
中野区|弥生町5丁目,25294.011517476338,0.0966208421693803
中野区|弥生町6丁目,17719.28757069078,0.20040875493967703
中野区|新井3丁目,14958.490365081816,0.0637772210450075
中野区|新井4丁目,17340.443969837746,0.13946542591599992
中野区|本町1丁目,16785.52576556284,0.12515650959851285
中野区|本町2丁目,9496.462142474906,0.04349374247125435
中野区|本町3丁目,8284.972465340026,0.04566902750791669
中野区|本町5丁目,18117.270371007962,0.11284401734885866
中野区|東中野1丁目,32666.138697327577,0.13510073152799731
中野区|東中野5丁目,52392.24770893986,0.29864083516758133
中野区|松が丘1丁目,29981.871276896385,0.14261916640110167
中野区|松が丘2丁目,67009.31991977236,0.4237904148581056
中野区|江古田1丁目,6735.647326092506,0.034188711277156204
中野区|江古田2丁目,111.09643972223131,0.0008828525015542932
中野区|沼袋1丁目,29658.10643313458,0.16813423224670754
中野区|沼袋2丁目,14913.909708096968,0.0840448394998114
中野区|沼袋3丁目,19740.974283417574,0.12372088446173882
中野区|白鷺1丁目,26481.98334511998,0.11961155807274146
中野区|白鷺2丁目,20195.43452998521,0.0939771603088635
中野区|白鷺3丁目,20149.98030121507,0.11021141141213099
中野区|若宮1丁目,9069.974761634903,0.048532416659001994
中野区|若宮2丁目,29306.333765105577,0.13655851018163562
中野区|若宮3丁目,15183.086803116865,0.05689770369426817
中野区|野方2丁目,16523.2704205502,0.07944564517276471
中野区|野方3丁目,16037.41094657256,0.13047151306831883
中野区|野方5丁目,9916.785767201363,0.08854887322950489
中野区|鷺宮3丁目,1410.6205248625881,0.007539962358460408
中野区|鷺宮4丁目,859.5313920292816,0.0043912097434847
北区|堀船1丁目,19028.104244049817,0.13556666529442785
北区|堀船2丁目,25670.366612368165,0.12377562691604231
北区|堀船3丁目,26424.0494446672,0.13183349869606747
北区|堀船4丁目,11041.109121570233,0.0838086342091309
北区|岩淵町,2966.2450877139026,0.012831657102154542
北区|志茂3丁目,17763.414619909847,0.0676779696409012
北区|志茂4丁目,10021.640216492076,0.05003287636912685
北区|志茂5丁目,12392.089063897765,0.01881378156055348
北区|浮間1丁目,9428.417988822486,0.04426999822972662
北区|浮間2丁目,1688.779866781357,0.0012410299131674514
北区|浮間3丁目,17972.47855538163,0.04799950573276652
北区|浮間4丁目,5799.069837983196,0.015515858175077939
北区|浮間5丁目,17313.119022401686,0.06001036418906002
北区|滝野川2丁目,21960.873702221557,0.10241189446816472
北区|滝野川3丁目,14054.536020599067,0.05759780744768398
北区|滝野川4丁目,35961.91240948375,0.3590186126903326
北区|滝野川5丁目,17187.99670001757,0.08893677820338247
北区|王子1丁目,61614.625375683325,0.20654402187214727
北区|王子本町1丁目,22926.807625819285,0.17502008569534253
北区|神谷1丁目,1898.9573629062736,0.010862578381911634
北区|神谷3丁目,5832.355221337396,0.015996604824210826
北区|豊島2丁目,19845.972868627672,0.1551377132352134
北区|豊島3丁目,1878.4902033792293,0.012622947607943868
北区|豊島4丁目,14497.909123364527,0.09028147318927662
北区|豊島6丁目,3387.955903347853,0.03470976118193431
北区|豊島7丁目,8537.995441511064,0.046684223327222406
北区|豊島8丁目,5212.706021848011,0.025011876104493614
北区|赤羽3丁目,943.2444203414029,0.0057772534585838935
北区|赤羽北1丁目,10732.024882114183,0.06495765798944553
北区|赤羽北2丁目,15101.503719123459,0.05096480352563463
千代田区|外神田1丁目,15389.615027615933,0.19362148065741813
千代田区|外神田2丁目,9174.005353107552,0.11244719121190645
千代田区|岩本町3丁目,10538.500535620115,0.15064949628726254
千代田区|東神田2丁目,15489.934400327671,0.28620439464076963
千代田区|東神田3丁目,9776.962370392233,0.353437052268446
千代田区|神田三崎町1丁目,5882.259472041672,0.21383411766783514
千代田区|神田三崎町2丁目,11955.411131506338,0.1394232093814308
千代田区|神田三崎町3丁目,3938.017243729091,0.07260240406505147
千代田区|神田佐久間河岸,7356.581152871679,0.48519295786471606
千代田区|神田佐久間町1丁目,9563.122113043564,0.28411348116515533
千代田区|神田佐久間町2丁目,2711.0128805653367,0.14911903728507778
千代田区|神田佐久間町3丁目,4398.020827244863,0.1128937854119679
千代田区|神田佐久間町4丁目,2815.496119298128,0.22896418992947426
千代田区|神田岩本町,2241.067504817725,0.1500061730413013
千代田区|神田淡路町2丁目,6249.196448220867,0.10838111387988249
千代田区|神田猿楽町2丁目,59.84819200082549,0.001455210311133746
千代田区|神田須田町1丁目,9180.473229626912,0.09604742070772453
千代田区|神田須田町2丁目,14301.479677325293,0.20161250940526582
千代田区|神田駿河台2丁目,31985.17357002663,0.2523121731754059
千代田区|神田駿河台4丁目,9780.542678706099,0.17377909771296451
千代田区|飯田橋3丁目,20842.06886002838,0.1702724807546112
千代田区|飯田橋4丁目,1235.7523530083095,0.025591692862511364
台東区|今戸1丁目,10442.512395452297,0.05838122063198067
台東区|今戸2丁目,7261.062097632476,0.043434480909758884
台東区|柳橋1丁目,17291.264473559415,0.169016710599624
台東区|柳橋2丁目,6469.048391450144,0.0804370416074099
台東区|橋場1丁目,7915.697737827084,0.052550517109137114
台東区|橋場2丁目,6283.710631285457,0.05671112559884561
台東区|浅草7丁目,9181.489888232289,0.10178756483892358
台東区|浅草橋1丁目,10882.150119667363,0.12268679238780472
台東区|花川戸1丁目,15679.074473283104,0.14479886557965246
台東区|花川戸2丁目,6265.341923894039,0.08312122455630751
台東区|蔵前1丁目,8423.745567455384,0.09035795587961021
台東区|蔵前2丁目,14046.270115641477,0.11135561446926853
台東区|雷門2丁目,8499.188327217731,0.10044089323297577
台東区|駒形2丁目,13434.723203307447,0.1936765909277267
品川区|上大崎4丁目,8081.119512151699,0.10371188964935284
品川区|北品川2丁目,17080.3374995304,0.119223590639203
品川区|北品川3丁目,17078.68717270651,0.09751728032140897
品川区|北品川4丁目,14724.539338613113,0.07208525526252203
品川区|北品川5丁目,25056.374108867694,0.11693811614637425
品川区|南品川1丁目,20039.182059510236,0.2291606948295399
品川区|南品川4丁目,18969.453004218885,0.10335527252603202
品川区|大崎1丁目,57674.99625292282,0.218455670964943
品川区|大崎5丁目,2066.583539981214,0.03508726559223378
品川区|広町1丁目,9215.12263183829,0.06152693922237824
品川区|東五反田2丁目,27742.772087305857,0.16605725801789195
品川区|東品川1丁目,11812.866283435149,0.055381145118825754
品川区|東品川3丁目,12150.35904299023,0.032043745787221946
品川区|西五反田1丁目,24503.325259154288,0.3212472418578057
品川区|西五反田2丁目,28803.35053579882,0.2135344079555034
品川区|西五反田3丁目,42362.114986958986,0.2403974319564595
墨田区|両国1丁目,15338.463975696748,0.15079653394067555
墨田区|千歳1丁目,6478.78025379034,0.08317705590692796
墨田区|向島1丁目,10735.300374919436,0.06020171112898084
墨田区|向島2丁目,14979.856858817378,0.10181439266895617
墨田区|向島5丁目,15240.882744751056,0.06131025071922486
墨田区|吾妻橋1丁目,7168.103029916364,0.05370215065364748
墨田区|堤通1丁目,11845.134172210956,0.0586001486945851
墨田区|堤通2丁目,26132.051427126433,0.05436486591932238
墨田区|本所1丁目,12354.960241065417,0.0748677278436599
墨田区|東駒形1丁目,9868.797890961909,0.11119741564926487
墨田区|横網1丁目,13548.908263465752,0.0626389054691319
墨田区|横網2丁目,9804.610993149145,0.08138816336730885
大田区|下丸子4丁目,3273.478014817995,0.009057372441784284
大田区|中央8丁目,35813.53037237529,0.148871721501002
大田区|久が原1丁目,12392.66715882936,0.04848730067325632
大田区|久が原2丁目,35102.43039384033,0.13421052769638006
大田区|久が原5丁目,6631.452411078824,0.027611893503511516
大田区|仲池上1丁目,20150.627160136588,0.07808026790771193
大田区|仲池上2丁目,34904.022810431896,0.146992285301122
大田区|北糀谷1丁目,17147.882925714675,0.12820056888954534
大田区|北糀谷2丁目,22406.12149207873,0.24859006789953783
大田区|南蒲田1丁目,19345.98015576405,0.11669838221346253
大田区|南雪谷1丁目,29006.76367634361,0.24677716697580088
大田区|南雪谷3丁目,19937.568514688228,0.14713160482622592
大田区|南雪谷5丁目,21412.003985197924,0.1343551229983244
大田区|大森南1丁目,10770.314612398714,0.0764476283261628
大田区|大森南2丁目,34337.511457309985,0.18317482162314602
大田区|大森南5丁目,26838.952006405285,0.10091529394059524
大田区|本羽田3丁目,11842.96670840597,0.04036868280438732
大田区|東糀谷1丁目,20964.721279390087,0.12296633674081515
大田区|東糀谷5丁目,18596.644534838095,0.10439394108227477
大田区|東糀谷6丁目,20900.95182921771,0.09319359120868823
大田区|東蒲田2丁目,25941.82538763729,0.17872972484720565
大田区|東雪谷2丁目,29270.333361628134,0.1473084329653409
大田区|東雪谷3丁目,18280.290924686757,0.10956703106796076
大田区|東雪谷5丁目,21099.741479309647,0.10971540369596199
大田区|池上1丁目,31810.19136412447,0.0877658024764844
大田区|池上2丁目,19565.58759502425,0.12176398998980222
大田区|池上3丁目,17055.25209241552,0.07271655635598015
大田区|池上4丁目,26863.377398318262,0.1999181319376664
大田区|池上5丁目,11038.880826406878,0.07545102707200288
大田区|田園調布1丁目,23375.879130891906,0.04426381952264281
大田区|田園調布4丁目,18541.461000023042,0.06838688464802609
大田区|田園調布5丁目,19540.641309446593,0.05936188899771525
大田区|石川町1丁目,27825.74730717745,0.21414118798520734
大田区|石川町2丁目,66316.60947711275,0.4081846544748069
大田区|羽田2丁目,7479.066482159047,0.06724215599519663
大田区|羽田3丁目,14423.047982910988,0.10831671801800563
大田区|羽田6丁目,17320.16380204549,0.12906025961219
大田区|羽田空港2丁目,60075.948410093406,0.01911462547326138
大田区|蒲田1丁目,30848.028037421198,0.1217053831710717
大田区|蒲田3丁目,16310.835777422195,0.11633140415371836
大田区|蒲田4丁目,18329.809734490533,0.11314431292535286
大田区|蒲田5丁目,23232.725573527616,0.10536919419878289
大田区|西糀谷1丁目,20694.97834067887,0.09978387507722551
大田区|西糀谷2丁目,20189.495645177925,0.10557569762691563
大田区|西蒲田1丁目,30003.829153731982,0.20336139082656735
大田区|西蒲田4丁目,24139.829802104738,0.14673471527835816
大田区|西蒲田5丁目,22637.46807384281,0.14474471647552822
文京区|後楽1丁目,34355.07666816581,0.09928855809608504
文京区|後楽2丁目,25511.366924956554,0.2304999275101542
文京区|本郷1丁目,11699.032665862387,0.06150498607345642
文京区|本郷2丁目,12069.265706750673,0.05992609883372624
文京区|本郷3丁目,2169.478050144821,0.013072382202473315
文京区|水道1丁目,15611.271193605578,0.16887630269446266
文京区|水道2丁目,31935.48908041296,0.28476607522479414
文京区|湯島1丁目,18161.186528103008,0.12746259805700091
文京区|目白台1丁目,6445.6962218645685,0.03472990049869864
文京区|関口1丁目,48617.12705495216,0.28982283421357036
文京区|関口2丁目,30875.854355032843,0.1866781040057684
文京区|音羽1丁目,2655.397455534073,0.02391328155982753
新宿区|上落合1丁目,49954.16222509369,0.20436935082302166
新宿区|上落合2丁目,31098.148967482994,0.16448631340965122
新宿区|上落合3丁目,28345.651669019764,0.16045478746770156
新宿区|下宮比町,8359.731359902702,0.27157632396583287
新宿区|下落合1丁目,56768.65293652512,0.42616345182813375
新宿区|下落合4丁目,2188.099118193661,0.009647319180300084
新宿区|中井1丁目,42014.66963904842,0.5486320693834398
新宿区|中井2丁目,9708.513352475686,0.050559940612553735
新宿区|中落合1丁目,46567.06239781724,0.345589399069352
新宿区|中落合2丁目,1134.691542799617,0.005303886202208533
新宿区|中落合4丁目,4639.978851650052,0.023099598939905697
新宿区|北新宿2丁目,21781.847551519153,0.11984947777798252
新宿区|北新宿3丁目,30910.31993702116,0.12409537431395808
新宿区|北新宿4丁目,41664.39080367222,0.19017441745331407
新宿区|新小川町,25589.12562835786,0.18951782423455024
新宿区|早稲田鶴巻町,2813.8144594273813,0.01327137130337465
新宿区|東五軒町,7003.955527342315,0.08408522724258442
新宿区|水道町,6169.988840849969,0.13572584177328978
新宿区|西五軒町,5455.13678821799,0.0989200434557194
新宿区|西新宿5丁目,13854.740576503165,0.10094569372615758
新宿区|西早稲田1丁目,22682.565288919155,0.09476481459828885
新宿区|西早稲田3丁目,26481.95056745869,0.10840827346783716
新宿区|西落合1丁目,1023.1785306252107,0.0049985382848762114
新宿区|西落合2丁目,38728.03314024912,0.2115242793809455
新宿区|高田馬場2丁目,9287.114844567423,0.0879693876272876
新宿区|高田馬場3丁目,77075.06554947201,0.27831506528546396
新宿区|高田馬場4丁目,14.896205286620805,5.721194022823351e-05
杉並区|上荻2丁目,4110.347912816162,0.017069965055145252
杉並区|上荻3丁目,14946.517538942633,0.08659347903801706
杉並区|上荻4丁目,12106.402359128004,0.07040788505723616
杉並区|下井草2丁目,34380.85440010655,0.1336240188474859
杉並区|下井草3丁目,16064.337054199446,0.05955301811947457
杉並区|下高井戸2丁目,13956.011956217142,0.059357564355713176
杉並区|下高井戸3丁目,16666.551990040945,0.06049428194442583
杉並区|下高井戸4丁目,8161.038331738649,0.02506170504426022
杉並区|下高井戸5丁目,8769.323533966886,0.030880894435913086
杉並区|久我山2丁目,30791.98001773407,0.08009123090611175
杉並区|久我山3丁目,27737.281036400695,0.07481762493178173
杉並区|久我山4丁目,17.214238384152285,4.381984456070309e-05
杉並区|南荻窪3丁目,13019.163160360331,0.06788689713975764
杉並区|南荻窪4丁目,22394.30343424272,0.1102481178772625
杉並区|和泉2丁目,26344.490540867657,0.05577635683885604
杉並区|和泉3丁目,111.70181846254243,0.00025645778405647884
杉並区|和泉4丁目,40976.74896749256,0.10077417834812481
杉並区|和田1丁目,16182.066929911216,0.036163511378298804
杉並区|和田2丁目,12565.309186923992,0.0393178823396008
杉並区|善福寺1丁目,19807.1586499802,0.059323665669744764
杉並区|善福寺2丁目,3610.7008190084757,0.009630625210139725
杉並区|堀の内1丁目,29304.697609771443,0.08407827723915119
杉並区|堀の内2丁目,33686.88719128457,0.09307160633028368
杉並区|大宮1丁目,36058.49881743396,0.16557031350957344
杉並区|大宮2丁目,31258.786866506052,0.10293356042932161
杉並区|成田東2丁目,25365.809219423834,0.10634861555494622
杉並区|成田東3丁目,7663.03883956504,0.038893636375491925
杉並区|成田東4丁目,5379.882699428297,0.019783477844228455
杉並区|成田西1丁目,28882.90805883902,0.11525783870881962
杉並区|成田西3丁目,39661.98074902859,0.15546880831917684
杉並区|成田西4丁目,24060.085778657794,0.1572838029654802
杉並区|方南1丁目,5028.999310077837,0.01671718039912108
杉並区|方南2丁目,12449.133991959041,0.06759505513024926
杉並区|本天沼3丁目,18886.54639894898,0.0806861890102904
杉並区|松の木1丁目,13348.80422962758,0.06341629296736549
杉並区|松の木2丁目,4313.403099257464,0.027988930805463243
杉並区|永福1丁目,31346.7480229749,0.074916478185326
杉並区|永福2丁目,14653.413024997864,0.04446255055349285
杉並区|永福3丁目,7815.888129760566,0.027795088148561076
杉並区|浜田山1丁目,19097.401641283595,0.07443734070693096
杉並区|浜田山2丁目,8553.200872863921,0.038503858085389094
杉並区|清水3丁目,14953.513065145211,0.05620199848974874
杉並区|荻窪1丁目,14985.844831433214,0.04273032106729678
杉並区|荻窪2丁目,21686.7793058791,0.08469305735061959
杉並区|荻窪3丁目,14724.95253778241,0.04083903741481226
杉並区|荻窪4丁目,13104.601086642373,0.05806656400359
杉並区|荻窪5丁目,8663.07705325949,0.04810284309545084
杉並区|西荻北1丁目,18266.79243573991,0.15357601111070757
杉並区|西荻北2丁目,11831.40142105144,0.056455713729458616
杉並区|西荻北3丁目,9109.183867846668,0.0481208588490217
杉並区|西荻北4丁目,5816.566137461763,0.030651373096448917
杉並区|西荻北5丁目,14067.354467881029,0.1167462553216722
杉並区|高井戸東1丁目,29617.252423064027,0.0860736391277089
杉並区|高井戸東2丁目,12133.63356348578,0.04889962776210588
杉並区|高井戸西1丁目,29097.017449415995,0.07345015360323084
板橋区|三園2丁目,5179.329177365864,0.02080143641349775
板橋区|中板橋,26177.68690751279,0.1913202747267712
板橋区|仲宿,16519.387177520133,0.06349034202536603
板橋区|加賀1丁目,45555.43100915732,0.19561174700778675
板橋区|加賀2丁目,48823.583026628505,0.1969519560483355
板橋区|南常盤台1丁目,19049.05726021454,0.1066283599948798
板橋区|双葉町,39435.01555198823,0.16536954269728452
板橋区|坂下3丁目,9171.758095722284,0.023963733418503812
板橋区|大和町,18185.65860234785,0.08517291219089765
板橋区|大谷口北町,18510.320117735955,0.0759431181563961
板橋区|小茂根2丁目,6481.256319181243,0.03824844644982553
板橋区|小茂根3丁目,19616.381637100145,0.15046771613315862
板橋区|小茂根5丁目,16110.922041417321,0.0955602328421536
板橋区|小豆沢4丁目,12214.254934549166,0.04975137410708172
板橋区|常盤台1丁目,9805.842363856855,0.03554626929953073
板橋区|弥生町,17040.36495925084,0.07236217685457756
板橋区|新河岸1丁目,14701.060261442888,0.007144745317055324
板橋区|新河岸2丁目,7307.308800471749,0.037255701543022074
板橋区|新河岸3丁目,26130.3569940733,0.08699607027645562
板橋区|本町,21371.151661292723,0.0968131200051084
板橋区|東坂下1丁目,6452.384872576655,0.03581142162903181
板橋区|東坂下2丁目,17861.84466147633,0.061213944859024934
板橋区|東山町,28308.646728882868,0.15100513611758543
板橋区|東新町2丁目,21819.504372328443,0.0801736918310794
板橋区|板橋4丁目,23306.02590567417,0.08739544631470152
板橋区|栄町,13239.910391194464,0.05005598414249572
板橋区|桜川1丁目,18732.606024198987,0.12704988804503878
板橋区|氷川町,8197.941352297114,0.0488728546838346
板橋区|稲荷台,4699.546307716846,0.03356478706662513
板橋区|舟渡1丁目,13743.216229123502,0.05853639505132988
板橋区|舟渡3丁目,8693.21730809517,0.04107898792608527
板橋区|舟渡4丁目,17641.17273145083,0.041713271729021444
板橋区|蓮根3丁目,13244.161851584717,0.03927745228420473
板橋区|高島平6丁目,12014.272203097793,0.033506101431900574
板橋区|高島平7丁目,10981.439597142553,0.041960192663594305
板橋区|高島平8丁目,8404.068198097946,0.042784672587391166
板橋区|高島平9丁目,14016.448238492945,0.03024095578365017
江東区|佐賀1丁目,9323.635560280016,0.09495088786594487
江東区|佐賀2丁目,8836.440340405668,0.08656792693073198
江東区|常盤1丁目,7417.435888493029,0.0920000575573072
江東区|新大橋1丁目,12147.08306030887,0.13915061602777973
江東区|永代1丁目,4671.339352698046,0.06833626636414022
江東区|清澄1丁目,10072.178434973268,0.1021963338966505
渋谷区|広尾1丁目,25377.664413812534,0.20859007294043144
渋谷区|広尾5丁目,18168.553410305834,0.12446534839084665
渋谷区|恵比寿1丁目,23200.998403392496,0.15206424956557218
渋谷区|恵比寿2丁目,23458.91568717717,0.13477812975888057
渋谷区|東1丁目,9955.685423518767,0.06530219272503884
渋谷区|東2丁目,18521.74303757838,0.12374564275405411
渋谷区|東3丁目,20195.267678416993,0.1538745845790023
渋谷区|渋谷2丁目,592.4496498172297,0.003252285340170364
渋谷区|渋谷3丁目,24344.90954876984,0.15279034048948129
港区|三田1丁目,43225.123981484605,0.1875077730253464
港区|三田2丁目,17092.536309785366,0.053729866872830455
港区|三田5丁目,10790.218714083308,0.09429546548601243
港区|南麻布1丁目,9640.951835280695,0.06024283441661988
港区|南麻布2丁目,26170.975553632972,0.18360230293888344
港区|南麻布3丁目,16054.886232458213,0.083756725463336
港区|南麻布4丁目,22283.670379155657,0.08581658021468999
港区|東麻布1丁目,10184.851805495931,0.1135734790801542
港区|東麻布2丁目,10084.14799347503,0.10184238386425766
港区|東麻布3丁目,7376.790678279853,0.1711782402898305
港区|浜松町2丁目,7491.242612405763,0.08914511493774901
港区|海岸1丁目,14820.201718581282,0.03766211104531222
港区|海岸2丁目,721.7679792963274,0.005234194517314517
港区|白金1丁目,13560.873821623925,0.10007618084793679
港区|白金3丁目,12750.004924999297,0.11812155749984894
港区|白金5丁目,9552.42099977488,0.0972793847008208
港区|芝1丁目,7583.778126902749,0.11021726235264913
港区|芝2丁目,17879.49454094774,0.10805833273007999
港区|芝3丁目,20861.142958146705,0.13630457897019216
港区|芝公園2丁目,10801.336659909392,0.10703157758252779
港区|芝公園4丁目,17103.828490824766,0.06477459630289181
港区|芝大門2丁目,5883.246395858885,0.08586902972020972
港区|芝浦1丁目,9884.485544748757,0.03832475219983854
港区|麻布十番3丁目,75.88278488191395,0.002278725318030075
港区|麻布十番4丁目,12784.410217221,0.7403412473712194
目黒区|三田2丁目,7422.746550108953,0.04149563339189143
目黒区|上目黒1丁目,51042.12504498696,0.39465248112513934
目黒区|下目黒1丁目,24719.73829413994,0.2529368309027007
目黒区|下目黒2丁目,31710.23096881129,0.1845698868162451
目黒区|中目黒1丁目,34378.173570667124,0.28006940822055376
目黒区|中目黒2丁目,39255.80676663933,0.12961779211133764
目黒区|大岡山2丁目,10250.343096107641,0.04144822193557977
目黒区|大橋1丁目,23901.387008897036,0.3819009087581948
目黒区|大橋2丁目,4.9091899824448,1.817115237709976e-05
目黒区|東山2丁目,6710.03317023877,0.030249053817699635
目黒区|東山3丁目,14408.353203106939,0.1078368563555889
目黒区|目黒1丁目,16843.33531017536,0.09175695565096324
目黒区|目黒2丁目,22764.29665779053,0.19408977976720485
目黒区|緑が丘3丁目,30527.95987977321,0.6205514217956906
目黒区|青葉台1丁目,41563.01300265874,0.285240872732079
目黒区|青葉台2丁目,22954.516059180645,0.17128122853833916
目黒区|青葉台3丁目,22590.952267470486,0.17107490153371363
練馬区|上石神井3丁目,38907.42327234562,0.10697442613247089
練馬区|上石神井4丁目,22756.479434070425,0.06355205214295144
練馬区|下石神井3丁目,15675.433562585618,0.09055186889588199
練馬区|下石神井6丁目,20260.27348780739,0.088005670042728
練馬区|南田中3丁目,12428.614405174543,0.0648241013963415
練馬区|南田中5丁目,20090.855781655177,0.10593621297701375
練馬区|向山3丁目,23700.785280389002,0.08318866836156008
練馬区|向山4丁目,23584.469902160403,0.10431025002167145
練馬区|富士見台3丁目,6549.0120265045025,0.025772212483396995
練馬区|富士見台4丁目,35308.27281954583,0.11561623237837534
練馬区|早宮1丁目,24087.8534815925,0.07330460512370887
練馬区|早宮3丁目,29853.991248614646,0.10083191812175325
練馬区|早宮4丁目,2.6031847449156196,1.0356377417551935e-05
練馬区|春日町1丁目,25942.079786939783,0.0651069479858281
練馬区|春日町5丁目,13073.72098944168,0.050055490848291743
練馬区|桜台3丁目,19339.61573344011,0.06759832383990054
練馬区|桜台6丁目,25110.082148151407,0.09736961117877663
練馬区|氷川台1丁目,11027.842675322123,0.07479354799272409
練馬区|氷川台3丁目,32270.631560833506,0.13973413266808526
練馬区|石神井台1丁目,15994.990706125924,0.04372610512066856
練馬区|石神井台2丁目,15259.186392199841,0.048521268828097916
練馬区|石神井台4丁目,27888.446260338813,0.09840940417639715
練馬区|石神井台7丁目,14218.232204419613,0.07099257401550374
練馬区|石神井町1丁目,21466.801590906474,0.0923892058654358
練馬区|石神井町5丁目,34752.05631254656,0.11454059880405275
練馬区|練馬2丁目,16813.039074892225,0.06231533565813449
練馬区|練馬4丁目,13045.186154103556,0.069502831212708
練馬区|羽沢3丁目,24896.608905450415,0.15217578374378704
練馬区|貫井4丁目,10588.457852354768,0.03915127148289652
練馬区|貫井5丁目,15822.528522257131,0.11003177729455166
練馬区|関町北2丁目,6254.027390119891,0.02994612388828232
練馬区|関町北3丁目,40191.32361744334,0.10911831955274752
練馬区|関町北4丁目,23406.448604386813,0.06747735749794269
練馬区|関町東2丁目,14673.734630697745,0.15212784960365183
練馬区|高松1丁目,12075.94296633029,0.05285224901918429
練馬区|高松2丁目,9866.435878367616,0.0475117870829588
練馬区|高松3丁目,13616.055592108842,0.06196840292853565
練馬区|高野台1丁目,31766.074932312593,0.1607824732401442
練馬区|高野台2丁目,21970.76298533267,0.13202277969646706
荒川区|南千住3丁目,228.2076722646602,0.0005939110041489576
荒川区|南千住4丁目,923.5407446266372,0.002120352562596158
荒川区|南千住6丁目,12811.58685028192,0.032272505053714824
荒川区|南千住7丁目,10745.33339920314,0.059790544504384
荒川区|南千住8丁目,9806.415549635654,0.015168489356456214
荒川区|東尾久7丁目,2546.199999189196,0.009814909102727882
荒川区|東尾久8丁目,9582.263551032776,0.04129374549365196
荒川区|町屋1丁目,6371.281704475914,0.03322942449523606
荒川区|町屋5丁目,10797.80491399747,0.06261164262022764
荒川区|町屋6丁目,9087.053502596675,0.04418739509059775
荒川区|町屋7丁目,20075.657723779324,0.10433384705967806
荒川区|町屋8丁目,8476.832447796276,0.06334477824188774
荒川区|荒川8丁目,1936.5854489920814,0.0058509509610235235
荒川区|西尾久3丁目,3813.6368109539644,0.02242840495258632
荒川区|西尾久6丁目,6469.779124715126,0.04478155891055574
葛飾区|亀有2丁目,6232.457393012784,0.01960821460871965
葛飾区|亀有3丁目,3033.045592813265,0.009379668947446797
葛飾区|南水元1丁目,3845.41187012651,0.013731496357603413
葛飾区|南水元2丁目,5894.911640804514,0.022250734729201187
葛飾区|四つ木1丁目,7358.157433175056,0.025738220578719467
葛飾区|四つ木3丁目,5259.7334700363635,0.020062735424567234
葛飾区|堀切1丁目,7912.873763630187,0.016545401504351083
葛飾区|堀切4丁目,405.62650367544404,0.0010105827795464622
葛飾区|奥戸1丁目,20274.001948331013,0.07330598807785232
葛飾区|奥戸2丁目,21623.297510175093,0.050692624905541675
葛飾区|小菅1丁目,18403.047218363816,0.027373722285792913
葛飾区|小菅2丁目,3130.936555762804,0.01578302099525589
葛飾区|小菅3丁目,11938.271597270481,0.05580792621636308
葛飾区|新宿1丁目,6985.625187704429,0.03861867112613328
葛飾区|新宿2丁目,16514.939622669284,0.07459309161843708
葛飾区|新宿5丁目,7265.557883035828,0.04038294187122284
葛飾区|新宿6丁目,4702.138389018797,0.01117359038987245
葛飾区|東四つ木1丁目,24161.4419914516,0.05835384775615241
葛飾区|東四つ木2丁目,9015.757246316656,0.04851667221076247
葛飾区|東四つ木3丁目,12178.223913580372,0.03285926907231277
葛飾区|東新小岩8丁目,4987.033474303249,0.024640773974610095
葛飾区|東立石1丁目,11436.402506691926,0.061494288869960036
葛飾区|東立石4丁目,22578.472823282907,0.0804181411584904
葛飾区|立石8丁目,34578.671730817536,0.1075507795137723
葛飾区|西新小岩3丁目,7259.994180936896,0.013955846092615737
葛飾区|西新小岩5丁目,16423.917166397983,0.05714510192182346
葛飾区|西水元1丁目,9549.085708792694,0.0367942482783746
葛飾区|西水元3丁目,6146.190445774791,0.01700361585776103
葛飾区|西水元4丁目,6870.184009526329,0.031957314722658364
葛飾区|青戸1丁目,9710.467242981294,0.08059753869941085
葛飾区|青戸2丁目,12005.41965913322,0.07214022865789303
葛飾区|青戸6丁目,12158.364150715766,0.045317277547070066
葛飾区|青戸7丁目,9313.54336233496,0.03131299815881546
葛飾区|青戸8丁目,5049.059525073024,0.02271622979966824
葛飾区|高砂1丁目,13484.759210026426,0.03850841295374807
葛飾区|高砂2丁目,701.7937416699226,0.0026523042132129294
葛飾区|高砂5丁目,2585.545582757728,0.010339882264135444
葛飾区|高砂6丁目,12247.401459169141,0.0802829385472358
豊島区|高田1丁目,20920.242709487316,0.12138003681414014
豊島区|高田2丁目,11654.009635086606,0.10212190963925638
豊島区|高田3丁目,25039.04608010201,0.12131280182956038
足立区|中川1丁目,7851.452478644686,0.04607784600728465
足立区|中川2丁目,3787.003411250402,0.02431600165863787
足立区|中川3丁目,5728.289152271412,0.03619670142784356
足立区|中川5丁目,10673.846200906086,0.024848783312848007
足立区|佐野1丁目,11873.250767001888,0.04682555485315926
足立区|保木間5丁目,1752.2010268156228,0.006548331931482694
足立区|六木2丁目,8324.337211537528,0.05754075674178846
足立区|六木3丁目,24669.562542491785,0.0743099276793088
足立区|六町1丁目,9778.05377625104,0.05844521131184171
足立区|六町4丁目,5217.849774565345,0.03921613857944121
足立区|加平1丁目,4681.668201141589,0.02723282837530422
足立区|加平2丁目,13046.90828004238,0.09383317727603806
足立区|北加平町,7393.997924403679,0.044230630272823486
足立区|千住曙町,3053.459990799785,0.01218423586813474
足立区|千住桜木1丁目,3591.799214177771,0.02068945514224796
足立区|千住桜木2丁目,12642.519481658424,0.06795478490328913
足立区|千住橋戸町,17663.481607120506,0.07935473906088145
足立区|千住緑町1丁目,7999.824451289647,0.05421613353227225
足立区|千住緑町2丁目,6188.720694834904,0.045730126208939195
足立区|千住緑町3丁目,12041.31434554196,0.09971186415268696
足立区|千住関屋町,22971.99357666274,0.07208549314135511
足立区|南花畑1丁目,9132.447041905283,0.05167329612921027
足立区|南花畑3丁目,15025.585763160128,0.05807304274771889
足立区|南花畑4丁目,14019.780800619852,0.05109109920150531
足立区|古千谷本町3丁目,1307.5592349268877,0.01075849931355008
足立区|古千谷本町4丁目,6057.271394831382,0.04845680100708526
足立区|大谷田1丁目,7864.1788992391,0.03148461009771963
足立区|大谷田2丁目,8991.475853590224,0.05079492938578748
足立区|宮城1丁目,14615.43195221691,0.04437291812800375
足立区|宮城2丁目,26018.011350904966,0.012711171842930793
足立区|小台1丁目,35420.14372702601,0.10011796655915968
足立区|小台2丁目,16404.44214791714,0.05672225400750029
足立区|弘道2丁目,2381.0911834872068,0.013849618934387914
足立区|新田1丁目,25153.89736435505,0.0300058840979745
足立区|新田2丁目,15422.829912442376,0.06609812279167016
足立区|新田3丁目,10309.434729947994,0.023872025307264406
足立区|東伊興2丁目,16124.62777447949,0.10229106990596935
足立区|東伊興3丁目,8350.843703365888,0.03678172546850544
足立区|神明1丁目,10616.324340046936,0.12140224671701062
足立区|神明3丁目,25255.761916691463,0.12217003585788458
足立区|神明南1丁目,12726.480801075186,0.06420590176737366
足立区|綾瀬1丁目,14660.238707800821,0.06162645394495211
足立区|綾瀬4丁目,20495.40060166269,0.08994062207556837
足立区|綾瀬6丁目,8585.935986010007,0.03350965028897283
足立区|綾瀬7丁目,6070.1340401200905,0.035269936873340395
足立区|舎人3丁目,17633.259269623308,0.09425346086339523
足立区|舎人4丁目,15183.048929103179,0.13468619347139474
足立区|舎人6丁目,3698.8451084196054,0.025377394604024637
足立区|花畑2丁目,11356.640526766467,0.06629202832887231
足立区|花畑5丁目,19880.127322831344,0.0672680341122044
足立区|花畑6丁目,9701.684676821682,0.036002792290659905
足立区|花畑7丁目,25239.896546958746,0.15021181541553383
足立区|花畑8丁目,36041.955951974516,0.1908322553163483
足立区|西保木間4丁目,12120.544818793618,0.06279503598866212
足立区|西加平1丁目,6829.83254897334,0.07317821984469962
足立区|西綾瀬1丁目,2487.706389803072,0.03968702564106986
足立区|西綾瀬4丁目,16906.84647468648,0.11709971967302982
足立区|青井3丁目,10117.569552548483,0.04013811333916457
足立区|青井4丁目,6791.497186884294,0.030226329202096815
足立区|青井5丁目,2483.5906011937223,0.018686440882887505
